device_id,date_time,flow
1,2021-06-28 15:39:06,0.223
1,2021-06-28 15:49:06,0.0
1,2021-06-28 16:21:06,0.268
1,2021-06-28 16:25:06,0.0
1,2021-06-28 16:41:06,0.267
1,2021-06-28 16:51:06,0.0
1,2021-06-28 16:54:06,0.29
1,2021-06-28 16:58:06,0.0
1,2021-06-28 17:22:06,0.3
1,2021-06-28 17:37:06,0.0
1,2021-06-28 17:38:06,0.4
1,2021-06-28 17:42:06,0.0
1,2021-06-28 18:02:06,0.378
1,2021-06-28 18:12:06,0.0
1,2021-06-28 18:58:06,0.233
1,2021-06-28 19:12:06,0.0
1,2021-06-28 19:16:06,0.253
1,2021-06-28 19:26:06,0.0
1,2021-06-28 20:17:06,0.6
1,2021-06-28 20:19:06,0.903
1,2021-06-28 20:25:06,0.6
1,2021-06-28 20:27:06,0.0
1,2021-06-28 20:42:06,0.6
1,2021-06-28 20:52:06,0.0
1,2021-06-28 21:07:06,0.6
1,2021-06-28 21:13:06,0.861
1,2021-06-28 21:17:06,0.261
1,2021-06-28 21:27:06,0.0
1,2021-06-28 21:54:06,0.232
1,2021-06-28 21:57:06,0.632
1,2021-06-28 22:01:06,0.232
1,2021-06-28 22:09:06,0.0
1,2021-06-28 22:24:06,0.233
1,2021-06-28 22:34:06,0.0
1,2021-06-28 23:20:06,0.211
1,2021-06-28 23:35:06,0.0
1,2021-06-28 23:52:06,0.395
1,2021-06-29 00:01:06,0.0
1,2021-06-29 00:22:06,0.399
1,2021-06-29 00:36:06,0.0
1,2021-06-29 00:49:06,0.367
1,2021-06-29 01:04:06,0.0
1,2021-06-29 01:50:06,0.238
1,2021-06-29 01:57:06,0.0
1,2021-06-29 02:14:06,0.218
1,2021-06-29 02:17:06,0.0
1,2021-06-29 02:24:06,0.279
1,2021-06-29 02:26:06,0.0
1,2021-06-29 02:39:06,0.4
1,2021-06-29 02:43:06,0.0
1,2021-06-29 02:49:06,0.33
1,2021-06-29 02:53:06,0.0
1,2021-06-29 03:28:06,0.275
1,2021-06-29 03:37:06,0.0
1,2021-06-29 04:17:06,0.299
1,2021-06-29 04:23:06,0.0
1,2021-06-29 04:53:06,0.248
1,2021-06-29 05:05:06,0.0
1,2021-06-29 06:03:06,0.255
1,2021-06-29 06:12:06,0.0
1,2021-06-29 06:15:06,0.312
1,2021-06-29 06:20:06,0.0
1,2021-06-29 06:24:06,0.221
1,2021-06-29 06:28:06,0.0
1,2021-06-29 06:32:06,0.247
1,2021-06-29 06:46:06,0.0
1,2021-06-29 06:49:06,0.4
1,2021-06-29 06:53:06,0.7
1,2021-06-29 07:01:06,0.988
1,2021-06-29 07:03:06,0.288
1,2021-06-29 07:05:06,0.988
1,2021-06-29 07:12:06,0.7
1,2021-06-29 07:15:06,0.0
1,2021-06-29 07:17:06,0.7
1,2021-06-29 07:27:06,0.0
1,2021-06-29 07:29:06,0.7
1,2021-06-29 07:39:06,0.0
1,2021-06-29 08:10:06,0.343
1,2021-06-29 08:17:06,0.848
1,2021-06-29 08:18:06,0.505
1,2021-06-29 08:26:06,0.0
1,2021-06-29 08:35:06,0.231
1,2021-06-29 08:50:06,0.0
1,2021-06-29 09:36:06,0.39
1,2021-06-29 09:43:06,0.0
1,2021-06-29 09:57:06,0.4
1,2021-06-29 10:01:06,0.0
1,2021-06-29 10:31:06,0.219
1,2021-06-29 10:36:06,0.0
1,2021-06-29 11:18:06,0.31
1,2021-06-29 11:24:06,0.0
1,2021-06-29 12:18:06,0.398
1,2021-06-29 12:20:06,0.0
1,2021-06-29 13:01:06,0.265
1,2021-06-29 13:03:06,0.0
1,2021-06-29 13:20:06,0.395
1,2021-06-29 13:27:06,0.0
1,2021-06-29 13:40:06,0.349
1,2021-06-29 13:43:06,0.749
1,2021-06-29 13:44:06,0.4
1,2021-06-29 13:47:06,0.0
1,2021-06-29 14:12:06,0.309
1,2021-06-29 14:14:06,0.0
1,2021-06-29 15:02:06,0.23
1,2021-06-29 15:07:06,0.0
1,2021-06-29 15:21:06,0.273
1,2021-06-29 15:25:06,0.0
1,2021-06-29 15:35:06,0.304
1,2021-06-29 15:46:06,0.0
1,2021-06-29 16:29:06,0.352
1,2021-06-29 16:33:06,0.0
1,2021-06-29 17:20:06,0.227
1,2021-06-29 17:34:06,0.0
1,2021-06-29 18:02:06,0.361
1,2021-06-29 18:15:06,0.0
1,2021-06-29 18:19:06,0.4
1,2021-06-29 18:23:06,0.0
1,2021-06-29 19:07:06,0.321
1,2021-06-29 19:17:06,0.0
1,2021-06-29 19:48:06,0.246
1,2021-06-29 19:53:06,0.0
1,2021-06-29 20:38:06,0.307
1,2021-06-29 20:44:06,0.0
1,2021-06-29 21:06:06,0.314
1,2021-06-29 21:12:06,0.0
1,2021-06-29 21:37:06,0.39
1,2021-06-29 21:45:06,0.0
1,2021-06-29 22:28:06,0.231
1,2021-06-29 22:33:06,0.0
1,2021-06-29 22:42:06,0.4
1,2021-06-29 22:46:06,0.0
1,2021-06-29 23:06:06,0.206
1,2021-06-29 23:14:06,0.0
1,2021-06-29 23:54:06,0.326
1,2021-06-30 00:03:06,0.0
1,2021-06-30 00:34:06,0.278
1,2021-06-30 00:38:06,0.0
1,2021-06-30 01:32:06,0.268
1,2021-06-30 01:39:06,0.0
1,2021-06-30 01:52:06,0.4
1,2021-06-30 01:56:06,0.0
1,2021-06-30 02:31:06,0.399
1,2021-06-30 02:39:06,0.0
1,2021-06-30 03:26:06,0.331
1,2021-06-30 03:29:06,0.0
1,2021-06-30 04:00:06,0.326
1,2021-06-30 04:02:06,0.0
1,2021-06-30 04:11:06,0.275
1,2021-06-30 04:19:06,0.0
1,2021-06-30 04:43:06,0.3
1,2021-06-30 04:47:06,0.0
1,2021-06-30 05:01:06,0.4
1,2021-06-30 05:05:06,0.0
1,2021-06-30 05:44:06,0.302
1,2021-06-30 05:55:06,0.0
1,2021-06-30 06:00:06,0.531
1,2021-06-30 06:18:06,0.0
1,2021-06-30 06:20:06,0.323
1,2021-06-30 06:26:06,0.0
1,2021-06-30 07:12:06,0.395
1,2021-06-30 07:18:06,0.0
1,2021-06-30 07:45:06,0.377
1,2021-06-30 07:47:06,0.0
1,2021-06-30 08:09:06,0.278
1,2021-06-30 08:19:06,0.0
1,2021-06-30 09:07:06,0.331
1,2021-06-30 09:08:06,1.0
1,2021-06-30 09:17:06,0.7
1,2021-06-30 09:18:06,0.0
1,2021-06-30 09:20:06,0.7
1,2021-06-30 09:26:06,1.0
1,2021-06-30 09:30:06,0.33
1,2021-06-30 09:32:06,1.0
1,2021-06-30 09:34:06,0.7
1,2021-06-30 09:36:06,1.0
1,2021-06-30 09:40:06,0.7
1,2021-06-30 09:42:06,0.0
1,2021-06-30 09:44:06,0.7
1,2021-06-30 09:54:06,0.0
1,2021-06-30 10:03:06,0.371
1,2021-06-30 10:07:06,0.0
1,2021-06-30 10:21:06,0.227
1,2021-06-30 10:35:06,0.0
1,2021-06-30 11:26:06,0.393
1,2021-06-30 11:39:06,0.0
1,2021-06-30 12:01:06,0.323
1,2021-06-30 12:07:06,0.0
1,2021-06-30 12:16:06,0.334
1,2021-06-30 12:27:06,0.0
1,2021-06-30 12:49:06,0.213
1,2021-06-30 12:57:06,0.0
1,2021-06-30 13:27:06,0.393
1,2021-06-30 13:32:06,0.0
1,2021-06-30 14:11:06,0.4
1,2021-06-30 14:15:06,0.0
1,2021-06-30 14:23:06,0.31
1,2021-06-30 14:31:06,0.0
1,2021-06-30 14:37:06,0.379
1,2021-06-30 14:42:06,0.0
1,2021-06-30 15:22:06,0.342
1,2021-06-30 15:24:06,0.0
1,2021-06-30 15:35:06,0.217
1,2021-06-30 15:37:06,0.0
1,2021-06-30 16:21:06,0.292
1,2021-06-30 16:32:06,0.0
1,2021-06-30 16:35:06,0.364
1,2021-06-30 16:44:06,0.0
1,2021-06-30 17:37:06,0.265
1,2021-06-30 17:49:06,0.0
1,2021-06-30 17:50:06,0.4
1,2021-06-30 17:54:06,0.0
1,2021-06-30 18:20:06,0.304
1,2021-06-30 18:31:06,0.0
1,2021-06-30 19:29:06,0.368
1,2021-06-30 19:40:06,0.0
1,2021-06-30 20:33:06,0.271
1,2021-06-30 20:39:06,0.0
1,2021-06-30 21:30:06,0.315
1,2021-06-30 21:34:06,0.0
1,2021-06-30 21:44:06,0.4
1,2021-06-30 21:48:06,0.0
1,2021-06-30 21:50:06,0.22
1,2021-06-30 22:02:06,0.0
1,2021-06-30 22:16:06,0.3
1,2021-06-30 22:19:06,0.0
1,2021-06-30 22:49:06,0.254
1,2021-06-30 23:02:06,0.0
1,2021-06-30 23:51:06,0.312
1,2021-06-30 23:57:06,0.0
1,2021-07-01 00:41:06,0.203
1,2021-07-01 00:53:06,0.0
1,2021-07-01 00:54:06,0.284
1,2021-07-01 00:57:06,0.0
1,2021-07-01 01:33:06,0.4
1,2021-07-01 01:37:06,0.0
1,2021-07-01 01:56:06,0.227
1,2021-07-01 02:11:06,0.0
1,2021-07-01 03:10:06,0.2
1,2021-07-01 03:23:06,0.0
1,2021-07-01 04:08:06,0.36
1,2021-07-01 04:22:06,0.0
1,2021-07-01 04:58:06,0.226
1,2021-07-01 05:05:06,0.0
1,2021-07-01 05:36:06,0.326
1,2021-07-01 05:41:06,0.0
1,2021-07-01 05:43:06,0.4
1,2021-07-01 05:47:06,0.0
1,2021-07-01 06:03:06,0.328
1,2021-07-01 06:10:06,0.0
1,2021-07-01 06:13:06,0.285
1,2021-07-01 06:24:06,0.0
1,2021-07-01 06:33:06,0.238
1,2021-07-01 06:42:06,0.0
1,2021-07-01 07:18:06,0.38
1,2021-07-01 07:20:06,0.0
1,2021-07-01 07:40:06,0.554
1,2021-07-01 07:47:06,0.885
1,2021-07-01 07:49:06,0.554
1,2021-07-01 07:54:06,0.0
1,2021-07-01 08:16:06,0.379
1,2021-07-01 08:22:06,0.0
1,2021-07-01 08:53:06,0.4
1,2021-07-01 08:57:06,0.0
1,2021-07-01 09:19:06,0.215
1,2021-07-01 09:28:06,0.0
1,2021-07-01 09:52:06,0.239
1,2021-07-01 10:03:06,0.0
1,2021-07-01 10:22:06,0.7
1,2021-07-01 10:32:06,0.0
1,2021-07-01 10:34:06,0.7
1,2021-07-01 10:44:06,0.0
1,2021-07-01 10:46:06,0.7
1,2021-07-01 10:56:06,0.0
1,2021-07-01 10:58:06,0.7
1,2021-07-01 11:01:06,0.938
1,2021-07-01 11:05:06,0.7
1,2021-07-01 11:08:06,0.0
1,2021-07-01 11:16:06,0.215
1,2021-07-01 11:24:06,0.0
1,2021-07-01 11:48:06,0.346
1,2021-07-01 11:52:06,0.0
1,2021-07-01 12:29:06,0.316
1,2021-07-01 12:40:06,0.0
1,2021-07-01 12:53:06,0.214
1,2021-07-01 13:02:06,0.614
1,2021-07-01 13:06:06,0.214
1,2021-07-01 13:07:06,0.0
1,2021-07-01 13:23:06,0.263
1,2021-07-01 13:26:06,0.0
1,2021-07-01 13:37:06,0.366
1,2021-07-01 13:40:06,0.0
1,2021-07-01 14:05:06,0.383
1,2021-07-01 14:09:06,0.0
1,2021-07-01 14:36:06,0.218
1,2021-07-01 14:39:06,0.0
1,2021-07-01 15:29:06,0.256
1,2021-07-01 15:44:06,0.0
1,2021-07-01 16:30:06,0.26
1,2021-07-01 16:39:06,0.0
1,2021-07-01 16:44:06,0.4
1,2021-07-01 16:48:06,0.0
1,2021-07-01 17:23:06,0.394
1,2021-07-01 17:27:06,0.0
1,2021-07-01 17:52:06,0.234
1,2021-07-01 18:01:06,0.0
1,2021-07-01 18:16:06,0.202
1,2021-07-01 18:19:06,0.0
1,2021-07-01 18:31:06,0.376
1,2021-07-01 18:41:06,0.0
1,2021-07-01 19:19:06,0.356
1,2021-07-01 19:21:06,0.0
1,2021-07-01 20:08:06,0.219
1,2021-07-01 20:12:06,0.0
1,2021-07-01 20:28:06,0.4
1,2021-07-01 20:32:06,0.0
1,2021-07-01 21:10:06,0.242
1,2021-07-01 21:24:06,0.0
1,2021-07-01 22:07:06,0.321
1,2021-07-01 22:19:06,0.0
1,2021-07-01 22:38:06,0.301
1,2021-07-01 22:50:06,0.0
1,2021-07-01 23:31:06,0.391
1,2021-07-01 23:45:06,0.0
1,2021-07-02 00:33:06,0.366
1,2021-07-02 00:36:06,0.0
1,2021-07-02 01:00:06,0.354
1,2021-07-02 01:04:06,0.0
1,2021-07-02 01:24:06,0.4
1,2021-07-02 01:28:06,0.0
1,2021-07-02 01:37:06,0.202
1,2021-07-02 01:46:06,0.0
1,2021-07-02 02:28:06,0.212
1,2021-07-02 02:39:06,0.0
1,2021-07-02 03:09:06,0.392
1,2021-07-02 03:19:06,0.0
1,2021-07-02 04:00:06,0.348
1,2021-07-02 04:07:06,0.0
1,2021-07-02 04:23:06,0.393
1,2021-07-02 04:27:06,0.0
1,2021-07-02 04:31:06,0.341
1,2021-07-02 04:33:06,0.0
1,2021-07-02 05:18:06,0.389
1,2021-07-02 05:23:06,0.0
1,2021-07-02 05:49:06,0.351
1,2021-07-02 05:56:06,0.751
1,2021-07-02 05:57:06,0.4
1,2021-07-02 06:00:06,0.0
1,2021-07-02 06:03:06,0.226
1,2021-07-02 06:07:06,0.0
1,2021-07-02 06:11:06,0.317
1,2021-07-02 06:18:06,0.0
1,2021-07-02 06:38:06,0.229
1,2021-07-02 06:42:06,0.0
1,2021-07-02 06:43:06,0.345
1,2021-07-02 06:58:06,0.0
1,2021-07-02 07:31:06,0.283
1,2021-07-02 07:45:06,0.0
1,2021-07-02 08:31:06,0.25
1,2021-07-02 08:33:06,0.0
1,2021-07-02 08:58:06,0.256
1,2021-07-02 09:07:06,0.0
1,2021-07-02 09:22:06,0.206
1,2021-07-02 09:24:06,0.0
1,2021-07-02 09:28:06,0.4
1,2021-07-02 09:32:06,0.0
1,2021-07-02 09:38:06,0.355
1,2021-07-02 09:47:06,0.0
1,2021-07-02 10:24:06,0.289
1,2021-07-02 10:35:06,0.0
1,2021-07-02 10:49:06,0.323
1,2021-07-02 10:59:06,0.0
1,2021-07-02 11:27:06,0.719
1,2021-07-02 11:45:06,0.0
1,2021-07-02 11:58:06,0.277
1,2021-07-02 12:11:06,0.0
1,2021-07-02 12:22:06,0.217
1,2021-07-02 12:24:06,0.0
1,2021-07-02 12:51:06,0.908
1,2021-07-02 12:57:06,0.7
1,2021-07-02 13:01:06,0.0
1,2021-07-02 13:03:06,0.7
1,2021-07-02 13:13:06,0.0
1,2021-07-02 13:15:06,0.7
1,2021-07-02 13:16:06,0.933
1,2021-07-02 13:25:06,0.233
1,2021-07-02 13:27:06,0.933
1,2021-07-02 13:31:06,0.7
1,2021-07-02 13:37:06,0.0
1,2021-07-02 13:48:06,0.4
1,2021-07-02 13:52:06,0.0
1,2021-07-02 13:56:06,0.251
1,2021-07-02 14:06:06,0.0
1,2021-07-02 15:05:06,0.36
1,2021-07-02 15:06:06,0.0
1,2021-07-02 16:05:06,0.253
1,2021-07-02 16:15:06,0.0
1,2021-07-02 16:17:06,0.322
1,2021-07-02 16:20:06,0.0
1,2021-07-02 17:06:06,0.4
1,2021-07-02 17:09:06,0.734
1,2021-07-02 17:10:06,0.334
1,2021-07-02 17:24:06,0.0
1,2021-07-02 17:48:06,0.389
1,2021-07-02 18:00:06,0.0
1,2021-07-02 18:16:06,0.35
1,2021-07-02 18:28:06,0.0
1,2021-07-02 18:51:06,0.358
1,2021-07-02 19:05:06,0.0
1,2021-07-02 19:38:06,0.252
1,2021-07-02 19:46:06,0.0
1,2021-07-02 19:51:06,0.362
1,2021-07-02 19:57:06,0.0
1,2021-07-02 19:59:06,0.353
1,2021-07-02 20:06:06,0.0
1,2021-07-02 20:12:06,0.4
1,2021-07-02 20:16:06,0.0
1,2021-07-02 20:49:06,0.361
1,2021-07-02 20:55:06,0.0
1,2021-07-02 21:10:06,0.305
1,2021-07-02 21:20:06,0.0
1,2021-07-02 21:56:06,0.389
1,2021-07-02 22:02:06,0.0
1,2021-07-02 22:59:06,0.267
1,2021-07-02 23:13:06,0.0
1,2021-07-02 23:16:06,0.298
1,2021-07-02 23:24:06,0.0
1,2021-07-03 00:01:06,0.274
1,2021-07-03 00:06:06,0.0
1,2021-07-03 00:32:06,0.2
1,2021-07-03 00:40:06,0.6
1,2021-07-03 00:41:06,0.4
1,2021-07-03 00:44:06,0.0
1,2021-07-03 01:00:06,0.344
1,2021-07-03 01:07:06,0.0
1,2021-07-03 01:36:06,0.397
1,2021-07-03 01:47:06,0.0
1,2021-07-03 02:33:06,0.3
1,2021-07-03 02:41:06,0.0
1,2021-07-03 03:38:06,0.221
1,2021-07-03 03:51:06,0.0
1,2021-07-03 04:01:06,0.4
1,2021-07-03 04:05:06,0.0
1,2021-07-03 04:51:06,0.275
1,2021-07-03 04:53:06,0.0
1,2021-07-03 05:07:06,0.295
1,2021-07-03 05:11:06,0.0
1,2021-07-03 05:35:06,0.232
1,2021-07-03 05:41:06,0.0
1,2021-07-03 05:50:06,0.286
1,2021-07-03 05:56:06,0.0
1,2021-07-03 06:22:06,0.372
1,2021-07-03 06:32:06,0.0
1,2021-07-03 07:17:06,0.241
1,2021-07-03 07:32:06,0.0
1,2021-07-03 08:21:06,0.353
1,2021-07-03 08:27:06,0.0
1,2021-07-03 08:37:06,0.211
1,2021-07-03 08:48:06,0.0
1,2021-07-03 08:50:06,0.387
1,2021-07-03 08:58:06,0.0
1,2021-07-03 09:00:06,0.344
1,2021-07-03 09:05:06,0.744
1,2021-07-03 09:09:06,0.0
1,2021-07-03 09:36:06,0.356
1,2021-07-03 09:51:06,0.0
1,2021-07-03 10:15:06,0.3
1,2021-07-03 10:24:06,0.0
1,2021-07-03 10:41:06,0.242
1,2021-07-03 10:54:06,0.0
1,2021-07-03 11:07:06,0.387
1,2021-07-03 11:19:06,0.0
1,2021-07-03 11:34:06,0.344
1,2021-07-03 11:42:06,0.0
1,2021-07-03 12:34:06,0.586
1,2021-07-03 12:39:06,0.852
1,2021-07-03 12:44:06,0.266
1,2021-07-03 12:48:06,0.0
1,2021-07-03 13:11:06,0.7
1,2021-07-03 13:12:06,1.0
1,2021-07-03 13:21:06,0.727
1,2021-07-03 13:23:06,1.0
1,2021-07-03 13:24:06,0.7
1,2021-07-03 13:31:06,0.934
1,2021-07-03 13:33:06,0.0
1,2021-07-03 13:35:06,0.7
1,2021-07-03 13:45:06,0.0
1,2021-07-03 13:47:06,0.7
1,2021-07-03 13:51:06,0.961
1,2021-07-03 13:57:06,0.0
1,2021-07-03 14:53:06,0.359
1,2021-07-03 14:57:06,0.0
1,2021-07-03 15:32:06,0.204
1,2021-07-03 15:40:06,0.0
1,2021-07-03 16:36:06,0.27
1,2021-07-03 16:48:06,0.0
1,2021-07-03 17:31:06,0.4
1,2021-07-03 17:33:06,0.692
1,2021-07-03 17:35:06,0.0
1,2021-07-03 18:04:06,0.34
1,2021-07-03 18:16:06,0.0
1,2021-07-03 18:30:06,0.201
1,2021-07-03 18:33:06,0.0
1,2021-07-03 18:45:06,0.363
1,2021-07-03 18:52:06,0.0
1,2021-07-03 19:47:06,0.356
1,2021-07-03 19:53:06,0.0
1,2021-07-03 20:14:06,0.216
1,2021-07-03 20:21:06,0.0
1,2021-07-03 21:14:06,0.218
1,2021-07-03 21:18:06,0.0
1,2021-07-03 21:22:06,0.4
1,2021-07-03 21:26:06,0.0
1,2021-07-03 21:34:06,0.316
1,2021-07-03 21:42:06,0.0
1,2021-07-03 22:29:06,0.277
1,2021-07-03 22:43:06,0.0
1,2021-07-03 23:34:06,0.319
1,2021-07-03 23:45:06,0.0
1,2021-07-04 00:05:06,0.236
1,2021-07-04 00:09:06,0.0
1,2021-07-04 00:37:06,0.231
1,2021-07-04 00:50:06,0.0
1,2021-07-04 01:20:06,0.261
1,2021-07-04 01:28:06,0.0
1,2021-07-04 02:00:06,0.4
1,2021-07-04 02:03:06,0.758
1,2021-07-04 02:04:06,0.358
1,2021-07-04 02:05:06,0.0
1,2021-07-04 02:15:06,0.319
1,2021-07-04 02:19:06,0.0
1,2021-07-04 03:13:06,0.38
1,2021-07-04 03:22:06,0.0
1,2021-07-04 03:29:06,0.365
1,2021-07-04 03:40:06,0.0
1,2021-07-04 03:45:06,0.285
1,2021-07-04 03:56:06,0.0
1,2021-07-04 04:40:06,0.325
1,2021-07-04 04:52:06,0.0
1,2021-07-04 05:45:06,0.227
1,2021-07-04 05:57:06,0.0
1,2021-07-04 06:23:06,0.271
1,2021-07-04 06:29:06,0.0
1,2021-07-04 06:33:06,0.259
1,2021-07-04 06:41:06,0.0
1,2021-07-04 06:45:06,0.4
1,2021-07-04 06:49:06,0.0
1,2021-07-04 06:58:06,0.317
1,2021-07-04 07:08:06,0.0
1,2021-07-04 07:58:06,0.269
1,2021-07-04 08:02:06,0.0
1,2021-07-04 08:52:06,0.375
1,2021-07-04 09:00:06,0.0
1,2021-07-04 09:33:06,0.239
1,2021-07-04 09:39:06,0.0
1,2021-07-04 10:33:06,0.282
1,2021-07-04 10:37:06,0.0
1,2021-07-04 10:41:06,0.4
1,2021-07-04 10:45:06,0.0
1,2021-07-04 11:28:06,0.254
1,2021-07-04 11:40:06,0.0
1,2021-07-04 12:02:06,0.7
1,2021-07-04 12:12:06,0.0
1,2021-07-04 12:14:06,0.7
1,2021-07-04 12:24:06,0.0
1,2021-07-04 12:26:06,0.7
1,2021-07-04 12:29:06,1.0
1,2021-07-04 12:36:06,0.399
1,2021-07-04 12:38:06,0.7
1,2021-07-04 12:48:06,0.0
1,2021-07-04 13:33:06,0.357
1,2021-07-04 13:47:06,0.0
1,2021-07-04 13:52:06,0.268
1,2021-07-04 14:00:06,0.933
1,2021-07-04 14:04:06,0.665
1,2021-07-04 14:09:06,0.0
1,2021-07-04 14:46:06,0.39
1,2021-07-04 14:57:06,0.79
1,2021-07-04 14:58:06,0.4
1,2021-07-04 15:01:06,0.0
1,2021-07-04 15:51:06,0.218
1,2021-07-04 15:59:06,0.0
1,2021-07-04 16:31:06,0.304
1,2021-07-04 16:43:06,0.0
1,2021-07-04 17:03:06,0.279
1,2021-07-04 17:14:06,0.0
1,2021-07-04 17:32:06,0.206
1,2021-07-04 17:44:06,0.0
1,2021-07-04 17:59:06,0.261
1,2021-07-04 18:05:06,0.0
1,2021-07-04 19:01:06,0.207
1,2021-07-04 19:12:06,0.0
1,2021-07-04 19:47:06,0.4
1,2021-07-04 19:51:06,0.0
1,2021-07-04 19:56:06,0.366
1,2021-07-04 20:04:06,0.0
1,2021-07-04 20:51:06,0.322
1,2021-07-04 21:04:06,0.0
1,2021-07-04 21:16:06,0.218
1,2021-07-04 21:18:06,0.0
1,2021-07-04 21:22:06,0.33
1,2021-07-04 21:29:06,0.0
1,2021-07-04 21:45:06,0.335
1,2021-07-04 21:49:06,0.0
1,2021-07-04 22:46:06,0.203
1,2021-07-04 22:49:06,0.0
1,2021-07-04 23:46:06,0.4
1,2021-07-04 23:49:06,0.653
1,2021-07-04 23:50:06,0.253
1,2021-07-04 23:55:06,0.0
1,2021-07-05 00:35:06,0.293
1,2021-07-05 00:45:06,0.0
1,2021-07-05 01:20:06,0.284
1,2021-07-05 01:24:06,0.0
1,2021-07-05 01:55:06,0.317
1,2021-07-05 02:10:06,0.0
1,2021-07-05 02:11:06,0.282
1,2021-07-05 02:14:06,0.0
1,2021-07-05 02:26:06,0.361
1,2021-07-05 02:32:06,0.0
1,2021-07-05 02:59:06,0.311
1,2021-07-05 03:03:06,0.711
1,2021-07-05 03:05:06,0.4
1,2021-07-05 03:07:06,0.0
1,2021-07-05 03:57:06,0.245
1,2021-07-05 04:12:06,0.0
1,2021-07-05 04:30:06,0.352
1,2021-07-05 04:35:06,0.0
1,2021-07-05 05:04:06,0.204
1,2021-07-05 05:14:06,0.0
1,2021-07-05 05:40:06,0.26
1,2021-07-05 05:43:06,0.0
1,2021-07-05 06:17:06,0.225
1,2021-07-05 06:25:06,0.0
1,2021-07-05 06:40:06,0.367
1,2021-07-05 06:51:06,0.0
1,2021-07-05 07:32:06,0.4
1,2021-07-05 07:36:06,0.0
1,2021-07-05 07:44:06,0.288
1,2021-07-05 07:58:06,0.0
1,2021-07-05 08:55:06,0.4
1,2021-07-05 08:57:06,0.0
1,2021-07-05 09:29:06,0.379
1,2021-07-05 09:39:06,0.0
1,2021-07-05 10:03:06,0.277
1,2021-07-05 10:13:06,0.0
1,2021-07-05 10:22:06,0.376
1,2021-07-05 10:27:06,0.0
1,2021-07-05 10:50:06,0.4
1,2021-07-05 10:54:06,0.0
1,2021-07-05 11:00:06,0.251
1,2021-07-05 11:14:06,0.0
1,2021-07-05 11:48:06,0.247
1,2021-07-05 11:58:06,0.0
1,2021-07-05 12:34:06,0.383
1,2021-07-05 12:45:06,0.0
1,2021-07-05 12:47:06,0.598
1,2021-07-05 12:58:06,0.0
1,2021-07-05 13:18:06,0.244
1,2021-07-05 13:22:06,0.0
1,2021-07-05 13:50:06,0.7
1,2021-07-05 14:00:06,0.0
1,2021-07-05 14:02:06,0.7
1,2021-07-05 14:03:06,0.903
1,2021-07-05 14:12:06,0.203
1,2021-07-05 14:14:06,0.903
1,2021-07-05 14:17:06,0.7
1,2021-07-05 14:24:06,0.0
1,2021-07-05 14:26:06,0.7
1,2021-07-05 14:36:06,0.0
1,2021-07-05 14:42:06,0.337
1,2021-07-05 14:46:06,0.0
1,2021-07-05 15:01:06,0.387
1,2021-07-05 15:05:06,0.0
1,2021-07-05 15:36:06,0.4
1,2021-07-05 15:40:06,0.0
1,2021-07-05 15:53:06,0.23
1,2021-07-05 15:58:06,0.0
1,2021-07-05 16:06:06,0.224
1,2021-07-05 16:11:06,0.0
1,2021-07-05 16:53:06,0.222
1,2021-07-05 16:56:06,0.0
1,2021-07-05 17:44:06,0.333
1,2021-07-05 17:51:06,0.0
1,2021-07-05 18:28:06,0.268
1,2021-07-05 18:38:06,0.0
1,2021-07-05 19:18:06,0.4
1,2021-07-05 19:22:06,0.0
1,2021-07-05 19:31:06,0.213
1,2021-07-05 19:38:06,0.0
1,2021-07-05 20:04:06,0.271
1,2021-07-05 20:12:06,0.0
1,2021-07-05 20:59:06,0.29
1,2021-07-05 21:01:06,0.0
1,2021-07-05 21:14:06,0.332
1,2021-07-05 21:17:06,0.0
1,2021-07-05 21:50:06,0.6
1,2021-07-05 22:00:06,0.0
1,2021-07-05 22:09:06,0.356
1,2021-07-05 22:15:06,0.956
1,2021-07-05 22:16:06,0.6
1,2021-07-05 22:25:06,0.0
1,2021-07-05 22:40:06,0.6
1,2021-07-05 22:50:06,0.0
1,2021-07-05 23:06:06,0.298
1,2021-07-05 23:09:06,0.0
1,2021-07-05 23:35:06,0.4
1,2021-07-05 23:39:06,0.0
1,2021-07-06 00:09:06,0.379
1,2021-07-06 00:14:06,0.0
1,2021-07-06 00:39:06,0.342
1,2021-07-06 00:49:06,0.0
1,2021-07-06 01:26:06,0.213
1,2021-07-06 01:39:06,0.0
1,2021-07-06 02:02:06,0.253
1,2021-07-06 02:11:06,0.0
1,2021-07-06 02:47:06,0.385
1,2021-07-06 02:57:06,0.0
1,2021-07-06 03:10:06,0.254
1,2021-07-06 03:18:06,0.0
1,2021-07-06 03:45:06,0.4
1,2021-07-06 03:49:06,0.0
1,2021-07-06 03:59:06,0.335
1,2021-07-06 04:05:06,0.0
1,2021-07-06 04:52:06,0.208
1,2021-07-06 04:54:06,0.0
1,2021-07-06 05:21:06,0.372
1,2021-07-06 05:32:06,0.0
1,2021-07-06 06:00:06,0.326
1,2021-07-06 06:05:06,0.0
1,2021-07-06 06:13:06,0.252
1,2021-07-06 06:19:06,0.0
1,2021-07-06 06:57:06,0.257
1,2021-07-06 07:06:06,0.0
1,2021-07-06 07:13:06,0.4
1,2021-07-06 07:17:06,0.0
1,2021-07-06 07:33:06,0.4
1,2021-07-06 07:37:06,0.0
1,2021-07-06 07:56:06,0.361
1,2021-07-06 07:58:06,0.0
1,2021-07-06 08:32:06,0.226
1,2021-07-06 08:38:06,0.0
1,2021-07-06 08:55:06,0.391
1,2021-07-06 09:06:06,0.0
1,2021-07-06 09:19:06,0.237
1,2021-07-06 09:29:06,0.0
1,2021-07-06 09:30:06,0.314
1,2021-07-06 09:38:06,0.0
1,2021-07-06 10:26:06,0.363
1,2021-07-06 10:35:06,0.0
1,2021-07-06 10:48:06,0.23
1,2021-07-06 10:50:06,0.0
1,2021-07-06 10:54:06,0.4
1,2021-07-06 10:58:06,0.0
1,2021-07-06 11:28:06,0.241
1,2021-07-06 11:33:06,0.0
1,2021-07-06 11:38:06,0.362
1,2021-07-06 11:43:06,0.0
1,2021-07-06 11:57:06,0.225
1,2021-07-06 12:08:06,0.0
1,2021-07-06 12:52:06,0.248
1,2021-07-06 13:03:06,0.0
1,2021-07-06 13:49:06,0.274
1,2021-07-06 13:59:06,0.0
1,2021-07-06 14:08:06,0.217
1,2021-07-06 14:14:06,0.0
1,2021-07-06 14:21:06,0.4
1,2021-07-06 14:25:06,0.0
1,2021-07-06 14:29:06,0.313
1,2021-07-06 14:43:06,0.0
1,2021-07-06 14:46:06,0.593
1,2021-07-06 14:56:06,0.988
1,2021-07-06 15:05:06,0.395
1,2021-07-06 15:06:06,0.0
1,2021-07-06 15:38:06,0.7
1,2021-07-06 15:43:06,1.0
1,2021-07-06 15:48:06,0.331
1,2021-07-06 15:50:06,1.0
1,2021-07-06 15:52:06,0.7
1,2021-07-06 16:00:06,0.0
1,2021-07-06 16:02:06,0.7
1,2021-07-06 16:12:06,0.0
1,2021-07-06 16:14:06,0.7
1,2021-07-06 16:24:06,0.0
1,2021-07-06 16:25:06,0.317
1,2021-07-06 16:30:06,0.0
1,2021-07-06 16:36:06,0.347
1,2021-07-06 16:39:06,0.0
1,2021-07-06 16:54:06,0.251
1,2021-07-06 16:56:06,0.0
1,2021-07-06 17:19:06,0.251
1,2021-07-06 17:21:06,0.0
1,2021-07-06 17:35:06,0.222
1,2021-07-06 17:41:06,0.0
1,2021-07-06 17:47:06,0.4
1,2021-07-06 17:51:06,0.0
1,2021-07-06 17:52:06,0.391
1,2021-07-06 18:01:06,0.0
1,2021-07-06 19:00:06,0.322
1,2021-07-06 19:03:06,0.0
1,2021-07-06 19:31:06,0.309
1,2021-07-06 19:35:06,0.0
1,2021-07-06 20:13:06,0.364
1,2021-07-06 20:23:06,0.0
1,2021-07-06 20:24:06,0.211
1,2021-07-06 20:38:06,0.0
1,2021-07-06 21:18:06,0.342
1,2021-07-06 21:21:06,0.0
1,2021-07-06 21:56:06,0.294
1,2021-07-06 21:58:06,0.0
1,2021-07-06 22:48:06,0.4
1,2021-07-06 22:52:06,0.0
1,2021-07-06 22:57:06,0.363
1,2021-07-06 23:06:06,0.0
1,2021-07-06 23:12:06,0.273
1,2021-07-06 23:16:06,0.0
1,2021-07-06 23:42:06,0.233
1,2021-07-06 23:52:06,0.0
1,2021-07-07 00:20:06,0.387
1,2021-07-07 00:23:06,0.0
1,2021-07-07 01:13:06,0.343
1,2021-07-07 01:27:06,0.0
1,2021-07-07 02:11:06,0.227
1,2021-07-07 02:17:06,0.4
1,2021-07-07 02:21:06,0.0
1,2021-07-07 03:12:06,0.353
1,2021-07-07 03:14:06,0.0
1,2021-07-07 03:18:06,0.385
1,2021-07-07 03:22:06,0.0
1,2021-07-07 03:33:06,0.26
1,2021-07-07 03:44:06,0.0
1,2021-07-07 03:49:06,0.344
1,2021-07-07 03:55:06,0.0
1,2021-07-07 04:39:06,0.243
1,2021-07-07 04:43:06,0.0
1,2021-07-07 04:59:06,0.365
1,2021-07-07 05:13:06,0.0
1,2021-07-07 05:29:06,0.324
1,2021-07-07 05:41:06,0.0
1,2021-07-07 05:46:06,0.212
1,2021-07-07 05:59:06,0.0
1,2021-07-07 06:34:06,0.349
1,2021-07-07 06:39:06,0.0
1,2021-07-07 06:58:06,0.4
1,2021-07-07 07:02:06,0.0
1,2021-07-07 07:23:06,0.243
1,2021-07-07 07:29:06,0.0
1,2021-07-07 08:20:06,0.315
1,2021-07-07 08:22:06,0.0
1,2021-07-07 09:03:06,0.353
1,2021-07-07 09:16:06,0.0
1,2021-07-07 10:09:06,0.36
1,2021-07-07 10:11:06,0.76
1,2021-07-07 10:15:06,0.36
1,2021-07-07 10:16:06,0.0
1,2021-07-07 10:24:06,0.211
1,2021-07-07 10:35:06,0.0
1,2021-07-07 11:05:06,0.213
1,2021-07-07 11:16:06,0.0
1,2021-07-07 11:48:06,0.336
1,2021-07-07 11:58:06,0.0
1,2021-07-07 12:27:06,0.337
1,2021-07-07 12:35:06,0.0
1,2021-07-07 13:19:06,0.33
1,2021-07-07 13:31:06,0.0
1,2021-07-07 13:50:06,0.4
1,2021-07-07 13:54:06,0.0
1,2021-07-07 14:01:06,0.317
1,2021-07-07 14:04:06,0.0
1,2021-07-07 14:17:06,0.246
1,2021-07-07 14:31:06,0.0
1,2021-07-07 15:00:06,0.294
1,2021-07-07 15:12:06,0.0
1,2021-07-07 15:23:06,0.373
1,2021-07-07 15:36:06,0.0
1,2021-07-07 16:16:06,0.356
1,2021-07-07 16:23:06,0.0
1,2021-07-07 16:45:06,0.634
1,2021-07-07 16:55:06,1.0
1,2021-07-07 16:59:06,0.634
1,2021-07-07 17:07:06,0.0
1,2021-07-07 17:15:06,0.331
1,2021-07-07 17:19:06,0.0
1,2021-07-07 17:50:06,0.235
1,2021-07-07 18:03:06,0.0
1,2021-07-07 18:12:06,0.7
1,2021-07-07 18:22:06,0.0
1,2021-07-07 18:24:06,0.7
1,2021-07-07 18:34:06,0.0
1,2021-07-07 18:36:06,0.7
1,2021-07-07 18:38:06,0.985
1,2021-07-07 18:43:06,0.7
1,2021-07-07 18:46:06,0.0
1,2021-07-07 18:48:06,0.7
1,2021-07-07 18:58:06,0.25
1,2021-07-07 19:05:06,0.0
1,2021-07-07 19:50:06,0.21
1,2021-07-07 19:57:06,0.0
1,2021-07-07 20:54:06,0.352
1,2021-07-07 20:57:06,0.0
1,2021-07-07 21:36:06,0.4
1,2021-07-07 21:40:06,0.0
1,2021-07-07 21:46:06,0.209
1,2021-07-07 21:50:06,0.0
1,2021-07-07 22:43:06,0.237
1,2021-07-07 22:52:06,0.0
1,2021-07-07 23:49:06,0.367
1,2021-07-07 23:57:06,0.0
1,2021-07-08 00:05:06,0.292
1,2021-07-08 00:12:06,0.0
1,2021-07-08 00:29:06,0.227
1,2021-07-08 00:34:06,0.0
1,2021-07-08 00:38:06,0.224
1,2021-07-08 00:40:06,0.0
1,2021-07-08 00:48:06,0.294
1,2021-07-08 00:59:06,0.0
1,2021-07-08 01:55:06,0.291
1,2021-07-08 02:10:06,0.0
1,2021-07-08 02:17:06,0.328
1,2021-07-08 02:21:06,0.0
1,2021-07-08 02:32:06,0.267
1,2021-07-08 02:36:06,0.4
1,2021-07-08 02:40:06,0.0
1,2021-07-08 03:16:06,0.348
1,2021-07-08 03:23:06,0.0
1,2021-07-08 03:27:06,0.257
1,2021-07-08 03:41:06,0.0
1,2021-07-08 03:54:06,0.398
1,2021-07-08 04:09:06,0.0
1,2021-07-08 05:06:06,0.335
1,2021-07-08 05:16:06,0.0
1,2021-07-08 06:00:06,0.266
1,2021-07-08 06:04:06,0.0
1,2021-07-08 06:18:06,0.4
1,2021-07-08 06:22:06,0.0
1,2021-07-08 06:37:06,0.364
1,2021-07-08 06:52:06,0.0
1,2021-07-08 07:39:06,0.208
1,2021-07-08 07:46:06,0.0
1,2021-07-08 08:13:06,0.245
1,2021-07-08 08:19:06,0.0
1,2021-07-08 09:12:06,0.245
1,2021-07-08 09:25:06,0.0
1,2021-07-08 10:05:06,0.338
1,2021-07-08 10:18:06,0.0
1,2021-07-08 10:27:06,0.4
1,2021-07-08 10:31:06,0.0
1,2021-07-08 10:53:06,0.382
1,2021-07-08 10:56:06,0.0
1,2021-07-08 11:27:06,0.348
1,2021-07-08 11:33:06,0.0
1,2021-07-08 11:58:06,0.394
1,2021-07-08 12:03:06,0.0
1,2021-07-08 12:45:06,0.225
1,2021-07-08 12:59:06,0.0
1,2021-07-08 13:00:06,0.393
1,2021-07-08 13:11:06,0.0
1,2021-07-08 13:35:06,1.0
1,2021-07-08 13:39:06,0.699
1,2021-07-08 14:00:06,0.0
1,2021-07-08 14:04:06,0.327
1,2021-07-08 14:16:06,0.0
1,2021-07-08 14:47:06,0.339
1,2021-07-08 15:00:06,0.0
1,2021-07-08 15:46:06,0.341
1,2021-07-08 15:52:06,0.0
1,2021-07-08 16:28:06,0.301
1,2021-07-08 16:35:06,0.0
1,2021-07-08 16:49:06,0.4
1,2021-07-08 16:53:06,0.0
1,2021-07-08 16:57:06,0.348
1,2021-07-08 17:06:06,0.0
1,2021-07-08 18:04:06,0.236
1,2021-07-08 18:11:06,0.0
1,2021-07-08 18:25:06,0.219
1,2021-07-08 18:33:06,0.0
1,2021-07-08 18:55:06,0.339
1,2021-07-08 19:05:06,0.0
1,2021-07-08 19:06:06,0.322
1,2021-07-08 19:10:06,0.0
1,2021-07-08 19:58:06,0.7
1,2021-07-08 19:59:06,1.0
1,2021-07-08 20:06:06,0.7
1,2021-07-08 20:08:06,0.0
1,2021-07-08 20:10:06,0.7
1,2021-07-08 20:20:06,0.0
1,2021-07-08 20:22:06,0.7
1,2021-07-08 20:32:06,0.0
1,2021-07-08 20:34:06,0.7
1,2021-07-08 20:44:06,0.4
1,2021-07-08 20:48:06,0.0
1,2021-07-08 20:50:06,0.372
1,2021-07-08 20:58:06,0.0
1,2021-07-08 21:08:06,0.279
1,2021-07-08 21:12:06,0.0
1,2021-07-08 22:05:06,0.2
1,2021-07-08 22:19:06,0.0
1,2021-07-08 22:51:06,0.398
1,2021-07-08 23:01:06,0.0
1,2021-07-08 23:29:06,0.381
1,2021-07-08 23:32:06,0.0
1,2021-07-09 00:22:06,0.395
1,2021-07-09 00:30:06,0.0
1,2021-07-09 01:11:06,0.4
1,2021-07-09 01:15:06,0.0
1,2021-07-09 01:18:06,0.388
1,2021-07-09 01:32:06,0.0
1,2021-07-09 01:52:06,0.314
1,2021-07-09 01:58:06,0.0
1,2021-07-09 02:10:06,0.245
1,2021-07-09 02:17:06,0.0
1,2021-07-09 02:40:06,0.229
1,2021-07-09 02:55:06,0.0
1,2021-07-09 03:45:06,0.311
1,2021-07-09 03:57:06,0.0
1,2021-07-09 04:25:06,0.213
1,2021-07-09 04:35:06,0.0
1,2021-07-09 04:38:06,0.281
1,2021-07-09 04:40:06,0.0
1,2021-07-09 04:54:06,0.27
1,2021-07-09 04:58:06,0.0
1,2021-07-09 05:11:06,0.2
1,2021-07-09 05:22:06,0.0
1,2021-07-09 05:44:06,0.4
1,2021-07-09 05:48:06,0.0
1,2021-07-09 06:03:06,0.204
1,2021-07-09 06:18:06,0.0
1,2021-07-09 06:25:06,0.357
1,2021-07-09 06:32:06,0.0
1,2021-07-09 06:58:06,0.357
1,2021-07-09 07:11:06,0.0
1,2021-07-09 07:23:06,0.267
1,2021-07-09 07:26:06,0.0
1,2021-07-09 08:16:06,0.284
1,2021-07-09 08:29:06,0.0
1,2021-07-09 09:00:06,0.344
1,2021-07-09 09:12:06,0.0
1,2021-07-09 09:13:06,0.316
1,2021-07-09 09:24:06,0.0
1,2021-07-09 10:00:06,0.4
1,2021-07-09 10:04:06,0.0
1,2021-07-09 10:18:06,0.234
1,2021-07-09 10:32:06,0.0
1,2021-07-09 11:18:06,0.386
1,2021-07-09 11:27:06,0.0
1,2021-07-09 11:39:06,0.554
1,2021-07-09 11:56:06,0.843
1,2021-07-09 11:57:06,0.289
1,2021-07-09 12:02:06,0.0
1,2021-07-09 12:54:06,0.245
1,2021-07-09 13:00:06,0.0
1,2021-07-09 13:09:06,0.4
1,2021-07-09 13:13:06,0.0
1,2021-07-09 13:51:06,0.225
1,2021-07-09 13:57:06,0.0
1,2021-07-09 14:48:06,0.323
1,2021-07-09 14:55:06,0.0
1,2021-07-09 15:36:06,0.202
1,2021-07-09 15:51:06,0.0
1,2021-07-09 16:00:06,0.362
1,2021-07-09 16:13:06,0.0
1,2021-07-09 16:58:06,0.4
1,2021-07-09 17:02:06,0.0
1,2021-07-09 17:09:06,0.255
1,2021-07-09 17:18:06,0.0
1,2021-07-09 17:23:06,0.218
1,2021-07-09 17:31:06,0.0
1,2021-07-09 17:47:06,0.308
1,2021-07-09 17:55:06,0.0
1,2021-07-09 18:26:06,0.337
1,2021-07-09 18:41:06,0.0
1,2021-07-09 18:58:06,0.4
1,2021-07-09 19:04:06,0.0
1,2021-07-09 19:31:06,0.277
1,2021-07-09 19:45:06,0.0
1,2021-07-09 20:37:06,0.328
1,2021-07-09 20:39:06,0.728
1,2021-07-09 20:43:06,0.328
1,2021-07-09 20:50:06,0.0
1,2021-07-09 21:25:06,0.225
1,2021-07-09 21:40:06,0.0
1,2021-07-09 21:48:06,0.223
1,2021-07-09 21:58:06,0.0
1,2021-07-09 22:19:06,0.7
1,2021-07-09 22:21:06,1.0
1,2021-07-09 22:29:06,0.347
1,2021-07-09 22:31:06,1.0
1,2021-07-09 22:33:06,0.7
1,2021-07-09 22:41:06,0.0
1,2021-07-09 22:43:06,0.7
1,2021-07-09 22:53:06,0.0
1,2021-07-09 22:55:06,0.7
1,2021-07-09 23:05:06,0.0
1,2021-07-09 23:23:06,0.304
1,2021-07-09 23:25:06,0.0
1,2021-07-09 23:31:06,0.303
1,2021-07-09 23:34:06,0.0
1,2021-07-10 00:27:06,0.36
1,2021-07-10 00:31:06,0.0
1,2021-07-10 00:50:06,0.368
1,2021-07-10 00:56:06,0.0
1,2021-07-10 01:07:06,0.4
1,2021-07-10 01:11:06,0.0
1,2021-07-10 01:33:06,0.324
1,2021-07-10 01:48:06,0.0
1,2021-07-10 02:40:06,0.395
1,2021-07-10 02:46:06,0.0
1,2021-07-10 03:04:06,0.342
1,2021-07-10 03:17:06,0.0
1,2021-07-10 03:31:06,0.382
1,2021-07-10 03:33:06,0.0
1,2021-07-10 04:22:06,0.376
1,2021-07-10 04:37:06,0.0
1,2021-07-10 05:32:06,0.37
1,2021-07-10 05:34:06,0.0
1,2021-07-10 05:52:06,0.4
1,2021-07-10 05:56:06,0.0
1,2021-07-10 06:09:06,0.207
1,2021-07-10 06:21:06,0.0
1,2021-07-10 06:46:06,0.249
1,2021-07-10 06:49:06,0.0
1,2021-07-10 07:26:06,0.301
1,2021-07-10 07:41:06,0.0
1,2021-07-10 08:37:06,0.273
1,2021-07-10 08:49:06,0.0
1,2021-07-10 09:23:06,0.347
1,2021-07-10 09:25:06,0.0
1,2021-07-10 10:05:06,0.279
1,2021-07-10 10:16:06,0.0
1,2021-07-10 10:29:06,0.4
1,2021-07-10 10:33:06,0.0
1,2021-07-10 10:49:06,0.228
1,2021-07-10 11:03:06,0.0
1,2021-07-10 11:39:06,0.24
1,2021-07-10 11:48:06,0.0
1,2021-07-10 12:21:06,0.272
1,2021-07-10 12:23:06,0.0
1,2021-07-10 12:41:06,0.351
1,2021-07-10 12:48:06,0.0
1,2021-07-10 13:04:06,0.254
1,2021-07-10 13:11:06,0.0
1,2021-07-10 14:03:06,0.299
1,2021-07-10 14:15:06,0.0
1,2021-07-10 14:26:06,0.74
1,2021-07-10 14:35:06,0.0
1,2021-07-10 14:41:06,0.366
1,2021-07-10 14:44:06,0.0
1,2021-07-10 14:56:06,0.4
1,2021-07-10 15:00:06,0.0
1,2021-07-10 15:03:06,0.264
1,2021-07-10 15:07:06,0.0
1,2021-07-10 15:19:06,0.204
1,2021-07-10 15:34:06,0.0
1,2021-07-10 15:42:06,0.318
1,2021-07-10 15:45:06,0.0
1,2021-07-10 16:26:06,0.259
1,2021-07-10 16:28:06,0.0
1,2021-07-10 16:44:06,0.281
1,2021-07-10 16:48:06,0.0
1,2021-07-10 17:01:06,0.344
1,2021-07-10 17:10:06,0.0
1,2021-07-10 17:45:06,0.364
1,2021-07-10 17:52:06,0.0
1,2021-07-10 18:23:06,0.335
1,2021-07-10 18:34:06,0.0
1,2021-07-10 18:49:06,0.229
1,2021-07-10 18:59:06,0.0
1,2021-07-10 19:31:06,0.4
1,2021-07-10 19:35:06,0.0
1,2021-07-10 19:37:06,0.368
1,2021-07-10 19:41:06,0.0
1,2021-07-10 19:43:06,0.233
1,2021-07-10 19:56:06,0.0
1,2021-07-10 20:02:06,0.265
1,2021-07-10 20:13:06,0.0
1,2021-07-10 20:34:06,0.384
1,2021-07-10 20:49:06,0.0
1,2021-07-10 21:25:06,0.31
1,2021-07-10 21:39:06,0.0
1,2021-07-10 21:45:06,0.7
1,2021-07-10 21:55:06,0.0
1,2021-07-10 21:57:06,0.7
1,2021-07-10 22:07:06,0.0
1,2021-07-10 22:09:06,0.7
1,2021-07-10 22:14:06,0.924
1,2021-07-10 22:19:06,0.0
1,2021-07-10 22:21:06,0.7
1,2021-07-10 22:31:06,0.0
1,2021-07-10 22:44:06,0.271
1,2021-07-10 22:57:06,0.0
1,2021-07-10 23:51:06,0.4
1,2021-07-10 23:55:06,0.0
1,2021-07-10 23:57:06,0.279
1,2021-07-11 00:09:06,0.0
1,2021-07-11 00:51:06,0.361
1,2021-07-11 00:54:06,0.0
1,2021-07-11 01:27:06,0.312
1,2021-07-11 01:32:06,0.0
1,2021-07-11 01:36:06,0.304
1,2021-07-11 01:51:06,0.0
1,2021-07-11 02:10:06,0.389
1,2021-07-11 02:21:06,0.0
1,2021-07-11 03:06:06,0.369
1,2021-07-11 03:14:06,0.0
1,2021-07-11 03:41:06,0.4
1,2021-07-11 03:45:06,0.0
1,2021-07-11 04:02:06,0.275
1,2021-07-11 04:13:06,0.0
1,2021-07-11 04:16:06,0.329
1,2021-07-11 04:21:06,0.0
1,2021-07-11 05:18:06,0.375
1,2021-07-11 05:23:06,0.0
1,2021-07-11 05:44:06,0.326
1,2021-07-11 05:59:06,0.0
1,2021-07-11 06:25:06,0.287
1,2021-07-11 06:30:06,0.0
1,2021-07-11 06:50:06,0.377
1,2021-07-11 06:52:06,0.0
1,2021-07-11 06:55:06,0.4
1,2021-07-11 06:59:06,0.0
1,2021-07-11 07:21:06,0.247
1,2021-07-11 07:29:06,0.0
1,2021-07-11 07:46:06,0.204
1,2021-07-11 07:53:06,0.0
1,2021-07-11 08:22:06,0.387
1,2021-07-11 08:27:06,0.0
1,2021-07-11 08:56:06,0.28
1,2021-07-11 09:05:06,0.0
1,2021-07-11 09:09:06,0.313
1,2021-07-11 09:17:06,0.0
1,2021-07-11 10:07:06,0.379
1,2021-07-11 10:19:06,0.0
1,2021-07-11 10:21:06,0.295
1,2021-07-11 10:35:06,0.0
1,2021-07-11 10:38:06,0.4
1,2021-07-11 10:42:06,0.0
1,2021-07-11 11:30:06,0.292
1,2021-07-11 11:35:06,0.0
1,2021-07-11 12:19:06,0.323
1,2021-07-11 12:28:06,0.0
1,2021-07-11 12:48:06,0.244
1,2021-07-11 12:57:06,0.0
1,2021-07-11 13:43:06,0.258
1,2021-07-11 13:52:06,0.0
1,2021-07-11 14:20:06,0.4
1,2021-07-11 14:24:06,0.0
1,2021-07-11 14:51:06,0.399
1,2021-07-11 14:58:06,0.0
1,2021-07-11 15:07:06,0.279
1,2021-07-11 15:12:06,0.0
1,2021-07-11 15:29:06,0.332
1,2021-07-11 15:44:06,0.0
1,2021-07-11 15:57:06,0.332
1,2021-07-11 15:59:06,1.0
1,2021-07-11 16:11:06,0.714
1,2021-07-11 16:18:06,0.0
1,2021-07-11 16:56:06,0.32
1,2021-07-11 17:08:06,0.0
1,2021-07-11 17:21:06,0.33
1,2021-07-11 17:34:06,0.0
1,2021-07-11 18:18:06,0.243
1,2021-07-11 18:32:06,0.0
1,2021-07-11 19:03:06,0.4
1,2021-07-11 19:07:06,0.0
1,2021-07-11 19:27:06,0.362
1,2021-07-11 19:34:06,0.0
1,2021-07-11 20:22:06,0.378
1,2021-07-11 20:32:06,0.0
1,2021-07-11 20:41:06,0.272
1,2021-07-11 20:53:06,0.0
1,2021-07-11 21:14:06,0.273
1,2021-07-11 21:24:06,0.0
1,2021-07-11 22:00:06,0.356
1,2021-07-11 22:06:06,0.0
1,2021-07-11 22:52:06,0.295
1,2021-07-11 23:01:06,0.0
1,2021-07-11 23:31:06,0.28
1,2021-07-11 23:45:06,0.0
1,2021-07-11 23:48:06,0.4
1,2021-07-11 23:52:06,0.0
1,2021-07-12 00:39:06,0.214
1,2021-07-12 00:43:06,0.0
1,2021-07-12 01:41:06,0.264
1,2021-07-12 01:47:06,0.0
1,2021-07-12 02:21:06,0.339
1,2021-07-12 02:33:06,0.0
1,2021-07-12 03:17:06,0.376
1,2021-07-12 03:23:06,0.776
1,2021-07-12 03:26:06,0.4
1,2021-07-12 03:27:06,0.0
1,2021-07-12 04:04:06,0.385
1,2021-07-12 04:14:06,0.0
1,2021-07-12 05:09:06,0.399
1,2021-07-12 05:23:06,0.0
1,2021-07-12 06:00:06,0.7
1,2021-07-12 06:10:06,0.0
1,2021-07-12 06:12:06,0.7
1,2021-07-12 06:13:06,0.909
1,2021-07-12 06:22:06,0.209
1,2021-07-12 06:24:06,0.909
1,2021-07-12 06:28:06,0.7
1,2021-07-12 06:34:06,0.0
1,2021-07-12 06:36:06,0.7
1,2021-07-12 06:46:06,0.0
1,2021-07-12 07:08:06,0.4
1,2021-07-12 07:12:06,0.206
1,2021-07-12 07:16:06,0.0
1,2021-07-12 08:03:06,0.388
1,2021-07-12 08:09:06,0.0
1,2021-07-12 08:48:06,0.275
1,2021-07-12 09:00:06,0.0
1,2021-07-12 09:16:06,0.296
1,2021-07-12 09:29:06,0.0
1,2021-07-12 10:11:06,0.281
1,2021-07-12 10:23:06,0.0
1,2021-07-12 10:31:06,0.764
1,2021-07-12 10:33:06,0.4
1,2021-07-12 10:35:06,0.0
1,2021-07-12 11:03:06,0.311
1,2021-07-12 11:09:06,0.0
1,2021-07-12 12:00:06,0.326
1,2021-07-12 12:09:06,0.0
1,2021-07-12 12:31:06,0.337
1,2021-07-12 12:45:06,0.0
1,2021-07-12 13:24:06,0.294
1,2021-07-12 13:37:06,0.0
1,2021-07-12 14:37:06,0.206
1,2021-07-12 14:50:06,0.0
1,2021-07-12 15:12:06,0.4
1,2021-07-12 15:16:06,0.0
1,2021-07-12 15:30:06,0.257
1,2021-07-12 15:39:06,0.0
1,2021-07-12 16:12:06,0.289
1,2021-07-12 16:23:06,0.0
1,2021-07-12 16:50:06,0.355
1,2021-07-12 17:01:06,0.0
1,2021-07-12 17:16:06,0.2
1,2021-07-12 17:24:06,0.0
1,2021-07-12 17:42:06,0.73
1,2021-07-12 17:54:06,1.0
1,2021-07-12 18:00:06,0.341
1,2021-07-12 18:05:06,0.0
1,2021-07-12 18:54:06,0.262
1,2021-07-12 19:09:06,0.0
1,2021-07-12 19:32:06,0.4
1,2021-07-12 19:36:06,0.0
1,2021-07-12 19:42:06,0.238
1,2021-07-12 19:44:06,0.0
1,2021-07-12 19:48:06,0.271
1,2021-07-12 19:52:06,0.0
1,2021-07-12 20:19:06,0.344
1,2021-07-12 20:34:06,0.0
1,2021-07-12 21:30:06,0.343
1,2021-07-12 21:45:06,0.0
1,2021-07-12 22:24:06,0.316
1,2021-07-12 22:30:06,0.0
1,2021-07-12 22:41:06,0.202
1,2021-07-12 22:47:06,0.0
1,2021-07-12 23:26:06,0.4
1,2021-07-12 23:30:06,0.337
1,2021-07-12 23:41:06,0.0
1,2021-07-12 23:53:06,0.31
1,2021-07-12 23:55:06,0.0
1,2021-07-13 00:25:06,0.228
1,2021-07-13 00:34:06,0.0
1,2021-07-13 01:34:06,0.201
1,2021-07-13 01:44:06,0.0
1,2021-07-13 01:45:06,0.369
1,2021-07-13 01:50:06,0.0
1,2021-07-13 01:59:06,0.204
1,2021-07-13 02:14:06,0.0
1,2021-07-13 02:57:06,0.305
1,2021-07-13 03:10:06,0.0
1,2021-07-13 03:18:06,0.4
1,2021-07-13 03:22:06,0.0
1,2021-07-13 03:33:06,0.306
1,2021-07-13 03:35:06,0.0
1,2021-07-13 04:16:06,0.271
1,2021-07-13 04:25:06,0.0
1,2021-07-13 05:10:06,0.207
1,2021-07-13 05:14:06,0.0
1,2021-07-13 05:51:06,0.24
1,2021-07-13 06:00:06,0.84
1,2021-07-13 06:06:06,0.6
1,2021-07-13 06:10:06,0.0
1,2021-07-13 06:25:06,0.6
1,2021-07-13 06:35:06,0.0
1,2021-07-13 06:40:06,0.204
1,2021-07-13 06:41:06,0.904
1,2021-07-13 06:42:06,1.0
1,2021-07-13 06:46:06,0.904
1,2021-07-13 06:47:06,0.7
1,2021-07-13 06:50:06,1.0
1,2021-07-13 06:51:06,0.6
1,2021-07-13 06:53:06,1.0
1,2021-07-13 07:00:06,0.7
1,2021-07-13 07:03:06,0.0
1,2021-07-13 07:05:06,0.7
1,2021-07-13 07:15:06,0.0
1,2021-07-13 07:17:06,0.7
1,2021-07-13 07:27:06,0.0
1,2021-07-13 07:42:06,0.21
1,2021-07-13 07:44:06,0.0
1,2021-07-13 08:35:06,0.218
1,2021-07-13 08:50:06,0.0
1,2021-07-13 09:03:06,0.208
1,2021-07-13 09:18:06,0.0
1,2021-07-13 09:53:06,0.366
1,2021-07-13 09:55:06,0.0
1,2021-07-13 10:13:06,0.317
1,2021-07-13 10:16:06,0.0
1,2021-07-13 10:25:06,0.296
1,2021-07-13 10:34:06,0.0
1,2021-07-13 11:04:06,0.4
1,2021-07-13 11:08:06,0.0
1,2021-07-13 11:26:06,0.244
1,2021-07-13 11:40:06,0.0
1,2021-07-13 11:57:06,0.391
1,2021-07-13 12:11:06,0.0
1,2021-07-13 12:21:06,0.217
1,2021-07-13 12:36:06,0.0
1,2021-07-13 13:07:06,0.362
1,2021-07-13 13:20:06,0.0
1,2021-07-13 14:15:06,0.367
1,2021-07-13 14:20:06,0.0
1,2021-07-13 14:31:06,0.329
1,2021-07-13 14:38:06,0.0
1,2021-07-13 14:40:06,0.206
1,2021-07-13 14:53:06,0.0
1,2021-07-13 15:06:06,0.354
1,2021-07-13 15:09:06,0.0
1,2021-07-13 15:38:06,0.31
1,2021-07-13 15:42:06,0.87
1,2021-07-13 15:51:06,0.56
1,2021-07-13 15:54:06,0.96
1,2021-07-13 15:58:06,0.56
1,2021-07-13 16:09:06,0.0
1,2021-07-13 16:12:06,0.328
1,2021-07-13 16:20:06,0.0
1,2021-07-13 16:22:06,0.252
1,2021-07-13 16:31:06,0.0
1,2021-07-13 16:42:06,0.385
1,2021-07-13 16:57:06,0.0
1,2021-07-13 17:04:06,0.397
1,2021-07-13 17:13:06,0.0
1,2021-07-13 17:41:06,0.253
1,2021-07-13 17:45:06,0.0
1,2021-07-13 17:52:06,0.378
1,2021-07-13 18:06:06,0.0
1,2021-07-13 18:49:06,0.374
1,2021-07-13 18:57:06,0.0
1,2021-07-13 19:34:06,0.245
1,2021-07-13 19:47:06,0.0
1,2021-07-13 19:53:06,0.4
1,2021-07-13 19:57:06,0.0
1,2021-07-13 20:14:06,0.31
1,2021-07-13 20:17:06,0.0
1,2021-07-13 20:57:06,0.263
1,2021-07-13 21:01:06,0.0
1,2021-07-13 21:12:06,0.308
1,2021-07-13 21:15:06,0.0
1,2021-07-13 21:59:06,0.334
1,2021-07-13 22:09:06,0.0
1,2021-07-13 22:22:06,0.2
1,2021-07-13 22:31:06,0.0
1,2021-07-13 22:42:06,0.378
1,2021-07-13 22:57:06,0.0
1,2021-07-13 23:50:06,0.373
1,2021-07-14 00:00:06,0.0
1,2021-07-14 00:30:06,0.4
1,2021-07-14 00:34:06,0.0
1,2021-07-14 00:39:06,0.333
1,2021-07-14 00:48:06,0.0
1,2021-07-14 00:56:06,0.311
1,2021-07-14 00:59:06,0.0
1,2021-07-14 01:52:06,0.227
1,2021-07-14 02:03:06,0.0
1,2021-07-14 02:21:06,0.225
1,2021-07-14 02:23:06,0.0
1,2021-07-14 03:02:06,0.297
1,2021-07-14 03:14:06,0.0
1,2021-07-14 04:07:06,0.309
1,2021-07-14 04:09:06,0.0
1,2021-07-14 04:22:06,0.4
1,2021-07-14 04:26:06,0.0
1,2021-07-14 04:52:06,0.202
1,2021-07-14 05:01:06,0.0
1,2021-07-14 05:29:06,0.38
1,2021-07-14 05:32:06,0.0
1,2021-07-14 06:08:06,0.209
1,2021-07-14 06:21:06,0.0
1,2021-07-14 07:03:06,0.245
1,2021-07-14 07:14:06,0.0
1,2021-07-14 07:20:06,0.7
1,2021-07-14 07:30:06,0.0
1,2021-07-14 07:31:06,0.295
1,2021-07-14 07:32:06,0.995
1,2021-07-14 07:33:06,0.7
1,2021-07-14 07:42:06,0.0
1,2021-07-14 07:44:06,0.7
1,2021-07-14 07:54:06,0.0
1,2021-07-14 07:56:06,0.7
1,2021-07-14 08:06:06,0.0
1,2021-07-14 08:25:06,0.21
1,2021-07-14 08:27:06,0.0
1,2021-07-14 09:12:06,0.239
1,2021-07-14 09:17:06,0.4
1,2021-07-14 09:21:06,0.0
1,2021-07-14 09:47:06,0.383
1,2021-07-14 09:59:06,0.0
1,2021-07-14 10:20:06,0.278
1,2021-07-14 10:26:06,0.0
1,2021-07-14 10:29:06,0.388
1,2021-07-14 10:35:06,0.0
1,2021-07-14 11:06:06,0.258
1,2021-07-14 11:14:06,0.0
1,2021-07-14 12:12:06,0.303
1,2021-07-14 12:21:06,0.0
1,2021-07-14 13:03:06,0.231
1,2021-07-14 13:13:06,0.0
1,2021-07-14 13:23:06,0.357
1,2021-07-14 13:25:06,0.0
1,2021-07-14 13:57:06,0.337
1,2021-07-14 14:06:06,0.4
1,2021-07-14 14:10:06,0.0
1,2021-07-14 14:24:06,0.36
1,2021-07-14 14:27:06,0.0
1,2021-07-14 14:39:06,0.585
1,2021-07-14 15:00:06,0.0
1,2021-07-14 15:14:06,0.292
1,2021-07-14 15:19:06,0.0
1,2021-07-14 15:30:06,0.394
1,2021-07-14 15:44:06,0.0
1,2021-07-14 16:33:06,0.219
1,2021-07-14 16:37:06,0.0
1,2021-07-14 17:01:06,0.23
1,2021-07-14 17:07:06,0.0
1,2021-07-14 17:25:06,0.203
1,2021-07-14 17:27:06,0.0
1,2021-07-14 17:31:06,0.265
1,2021-07-14 17:33:06,0.0
1,2021-07-14 17:39:06,0.21
1,2021-07-14 17:43:06,0.61
1,2021-07-14 17:47:06,0.21
1,2021-07-14 17:51:06,0.0
1,2021-07-14 18:42:06,0.204
1,2021-07-14 18:53:06,0.0
1,2021-07-14 19:15:06,0.327
1,2021-07-14 19:25:06,0.0
1,2021-07-14 19:59:06,0.347
1,2021-07-14 20:09:06,0.0
1,2021-07-14 20:28:06,0.274
1,2021-07-14 20:35:06,0.0
1,2021-07-14 21:07:06,0.353
1,2021-07-14 21:14:06,0.0
1,2021-07-14 21:17:06,0.383
1,2021-07-14 21:25:06,0.0
1,2021-07-14 21:26:06,0.4
1,2021-07-14 21:30:06,0.0
1,2021-07-14 21:31:06,0.316
1,2021-07-14 21:33:06,0.0
1,2021-07-14 21:47:06,0.278
1,2021-07-14 22:02:06,0.0
1,2021-07-14 22:16:06,0.312
1,2021-07-14 22:23:06,0.0
1,2021-07-14 22:56:06,0.258
1,2021-07-14 23:00:06,0.0
1,2021-07-14 23:51:06,0.245
1,2021-07-14 23:56:06,0.0
1,2021-07-15 00:13:06,0.206
1,2021-07-15 00:21:06,0.0
1,2021-07-15 00:44:06,0.268
1,2021-07-15 00:55:06,0.0
1,2021-07-15 01:22:06,0.4
1,2021-07-15 01:26:06,0.0
1,2021-07-15 01:40:06,0.216
1,2021-07-15 01:55:06,0.0
1,2021-07-15 02:37:06,0.364
1,2021-07-15 02:50:06,0.0
1,2021-07-15 03:17:06,0.291
1,2021-07-15 03:25:06,0.0
1,2021-07-15 04:12:06,0.307
1,2021-07-15 04:21:06,0.0
1,2021-07-15 05:19:06,0.346
1,2021-07-15 05:34:06,0.0
1,2021-07-15 05:38:06,0.213
1,2021-07-15 05:52:06,0.0
1,2021-07-15 06:01:06,0.4
1,2021-07-15 06:05:06,0.0
1,2021-07-15 06:49:06,0.29
1,2021-07-15 06:53:06,0.0
1,2021-07-15 06:59:06,0.223
1,2021-07-15 07:01:06,0.0
1,2021-07-15 07:52:06,0.259
1,2021-07-15 07:55:06,0.0
1,2021-07-15 08:13:06,0.218
1,2021-07-15 08:22:06,0.0
1,2021-07-15 08:26:06,0.231
1,2021-07-15 08:33:06,0.0
1,2021-07-15 08:45:06,0.352
1,2021-07-15 08:57:06,0.0
1,2021-07-15 09:30:06,0.344
1,2021-07-15 09:40:06,0.0
1,2021-07-15 09:52:06,0.7
1,2021-07-15 10:02:06,0.0
1,2021-07-15 10:04:06,0.7
1,2021-07-15 10:06:06,1.0
1,2021-07-15 10:11:06,0.7
1,2021-07-15 10:14:06,0.0
1,2021-07-15 10:16:06,0.7
1,2021-07-15 10:26:06,0.0
1,2021-07-15 10:28:06,0.7
1,2021-07-15 10:38:06,0.0
1,2021-07-15 10:44:06,0.4
1,2021-07-15 10:48:06,0.0
1,2021-07-15 11:04:06,0.204
1,2021-07-15 11:12:06,0.997
1,2021-07-15 11:13:06,0.793
1,2021-07-15 11:29:06,0.0
1,2021-07-15 12:04:06,0.211
1,2021-07-15 12:12:06,0.0
1,2021-07-15 13:08:06,0.211
1,2021-07-15 13:16:06,0.0
1,2021-07-15 14:14:06,0.364
1,2021-07-15 14:28:06,0.0
1,2021-07-15 15:02:06,0.296
1,2021-07-15 15:14:06,0.0
1,2021-07-15 15:48:06,0.4
1,2021-07-15 15:52:06,0.0
1,2021-07-15 16:13:06,0.296
1,2021-07-15 16:24:06,0.0
1,2021-07-15 17:21:06,0.267
1,2021-07-15 17:26:06,0.0
1,2021-07-15 17:34:06,0.291
1,2021-07-15 17:38:06,0.0
1,2021-07-15 17:47:06,0.234
1,2021-07-15 18:02:06,0.0
1,2021-07-15 18:19:06,0.366
1,2021-07-15 18:34:06,0.0
1,2021-07-15 19:03:06,0.4
1,2021-07-15 19:07:06,0.0
1,2021-07-15 19:27:06,0.207
1,2021-07-15 19:37:06,0.0
1,2021-07-15 20:26:06,0.22
1,2021-07-15 20:36:06,0.0
1,2021-07-15 20:44:06,0.25
1,2021-07-15 20:59:06,0.0
1,2021-07-15 21:33:06,0.291
1,2021-07-15 21:45:06,0.0
1,2021-07-15 22:26:06,0.306
1,2021-07-15 22:38:06,0.0
1,2021-07-15 22:56:06,0.4
1,2021-07-15 23:00:06,0.0
1,2021-07-15 23:18:06,0.355
1,2021-07-15 23:23:06,0.0
1,2021-07-15 23:47:06,0.3
1,2021-07-16 00:01:06,0.0
1,2021-07-16 00:53:06,0.311
1,2021-07-16 00:59:06,0.0
1,2021-07-16 01:38:06,0.204
1,2021-07-16 01:43:06,0.0
1,2021-07-16 01:46:06,0.363
1,2021-07-16 01:49:06,0.0
1,2021-07-16 01:50:06,0.287
1,2021-07-16 01:56:06,0.0
1,2021-07-16 02:46:06,0.321
1,2021-07-16 02:54:06,0.0
1,2021-07-16 03:05:06,0.282
1,2021-07-16 03:14:06,0.0
1,2021-07-16 03:21:06,0.4
1,2021-07-16 03:25:06,0.0
1,2021-07-16 03:41:06,0.331
1,2021-07-16 03:50:06,0.0
1,2021-07-16 04:08:06,0.368
1,2021-07-16 04:10:06,0.0
1,2021-07-16 04:12:06,0.305
1,2021-07-16 04:25:06,0.0
1,2021-07-16 04:32:06,0.397
1,2021-07-16 04:39:06,0.0
1,2021-07-16 04:40:06,0.242
1,2021-07-16 04:42:06,0.0
1,2021-07-16 05:10:06,0.302
1,2021-07-16 05:24:06,0.0
1,2021-07-16 06:18:06,0.288
1,2021-07-16 06:24:06,0.0
1,2021-07-16 06:50:06,0.4
1,2021-07-16 06:54:06,0.0
1,2021-07-16 06:57:06,0.326
1,2021-07-16 07:05:06,0.0
1,2021-07-16 08:00:06,0.395
1,2021-07-16 08:14:06,0.0
1,2021-07-16 08:50:06,0.367
1,2021-07-16 09:04:06,0.0
1,2021-07-16 09:18:06,0.209
1,2021-07-16 09:32:06,0.0
1,2021-07-16 10:27:06,0.4
1,2021-07-16 10:28:06,0.758
1,2021-07-16 10:31:06,0.358
1,2021-07-16 10:34:06,0.0
1,2021-07-16 10:46:06,0.7
1,2021-07-16 10:56:06,0.0
1,2021-07-16 10:58:06,0.7
1,2021-07-16 11:08:06,0.0
1,2021-07-16 11:10:06,0.7
1,2021-07-16 11:20:06,0.0
1,2021-07-16 11:22:06,0.7
1,2021-07-16 11:32:06,0.0
1,2021-07-16 11:33:06,0.322
1,2021-07-16 11:35:06,0.0
1,2021-07-16 11:39:06,0.246
1,2021-07-16 11:50:06,0.0
1,2021-07-16 12:04:06,0.202
1,2021-07-16 12:13:06,0.0
1,2021-07-16 13:04:06,0.296
1,2021-07-16 13:09:06,0.0
1,2021-07-16 13:45:06,0.392
1,2021-07-16 13:48:06,0.916
1,2021-07-16 13:51:06,0.524
1,2021-07-16 14:09:06,0.0
1,2021-07-16 14:20:06,0.251
1,2021-07-16 14:32:06,0.0
1,2021-07-16 14:43:06,0.4
1,2021-07-16 14:47:06,0.0
1,2021-07-16 15:32:06,0.321
1,2021-07-16 15:45:06,0.0
1,2021-07-16 15:49:06,0.4
1,2021-07-16 15:59:06,0.0
1,2021-07-16 16:12:06,0.349
1,2021-07-16 16:14:06,0.0
1,2021-07-16 16:32:06,0.238
1,2021-07-16 16:44:06,0.0
1,2021-07-16 17:26:06,0.3
1,2021-07-16 17:39:06,0.0
1,2021-07-16 17:50:06,0.33
1,2021-07-16 17:52:06,0.0
1,2021-07-16 18:05:06,0.4
1,2021-07-16 18:09:06,0.0
1,2021-07-16 18:34:06,0.204
1,2021-07-16 18:38:06,0.0
1,2021-07-16 19:10:06,0.271
1,2021-07-16 19:25:06,0.0
1,2021-07-16 19:57:06,0.356
1,2021-07-16 20:10:06,0.0
1,2021-07-16 20:13:06,0.25
1,2021-07-16 20:17:06,0.0
1,2021-07-16 20:51:06,0.206
1,2021-07-16 20:56:06,0.0
1,2021-07-16 21:15:06,0.4
1,2021-07-16 21:19:06,0.0
1,2021-07-16 21:39:06,0.329
1,2021-07-16 21:51:06,0.0
1,2021-07-16 22:13:06,0.335
1,2021-07-16 22:26:06,0.0
1,2021-07-16 23:11:06,0.374
1,2021-07-16 23:14:06,0.0
1,2021-07-17 00:02:06,0.363
1,2021-07-17 00:17:06,0.0
1,2021-07-17 00:34:06,0.26
1,2021-07-17 00:36:06,0.0
1,2021-07-17 00:55:06,0.381
1,2021-07-17 01:00:06,0.781
1,2021-07-17 01:02:06,0.4
1,2021-07-17 01:04:06,0.0
1,2021-07-17 01:06:06,0.347
1,2021-07-17 01:16:06,0.0
1,2021-07-17 02:14:06,0.259
1,2021-07-17 02:19:06,0.0
1,2021-07-17 02:50:06,0.309
1,2021-07-17 02:59:06,0.0
1,2021-07-17 03:45:06,0.268
1,2021-07-17 03:51:06,0.0
1,2021-07-17 04:18:06,0.4
1,2021-07-17 04:22:06,0.0
1,2021-07-17 04:24:06,0.208
1,2021-07-17 04:32:06,0.0
1,2021-07-17 05:32:06,0.237
1,2021-07-17 05:35:06,0.0
1,2021-07-17 06:26:06,0.212
1,2021-07-17 06:28:06,0.0
1,2021-07-17 07:17:06,0.328
1,2021-07-17 07:29:06,0.0
1,2021-07-17 07:41:06,0.4
1,2021-07-17 07:45:06,0.0
1,2021-07-17 08:13:06,0.255
1,2021-07-17 08:16:06,0.0
1,2021-07-17 09:02:06,0.364
1,2021-07-17 09:16:06,0.0
1,2021-07-17 10:14:06,0.309
1,2021-07-17 10:21:06,0.0
1,2021-07-17 10:43:06,0.289
1,2021-07-17 10:53:06,0.0
1,2021-07-17 11:08:06,0.393
1,2021-07-17 11:23:06,0.0
1,2021-07-17 12:02:06,0.4
1,2021-07-17 12:06:06,0.0
1,2021-07-17 12:14:06,0.349
1,2021-07-17 12:19:06,0.0
1,2021-07-17 12:28:06,0.24
1,2021-07-17 12:33:06,0.0
1,2021-07-17 12:46:06,0.7
1,2021-07-17 12:56:06,0.0
1,2021-07-17 12:58:06,0.7
1,2021-07-17 13:07:06,1.0
1,2021-07-17 13:08:06,0.371
1,2021-07-17 13:09:06,0.0
1,2021-07-17 13:10:06,0.7
1,2021-07-17 13:17:06,1.0
1,2021-07-17 13:20:06,0.308
1,2021-07-17 13:22:06,1.0
1,2021-07-17 13:27:06,0.7
1,2021-07-17 13:32:06,0.0
1,2021-07-17 13:36:06,0.271
1,2021-07-17 13:46:06,0.0
1,2021-07-17 14:15:06,0.296
1,2021-07-17 14:29:06,0.0
1,2021-07-17 15:17:06,0.395
1,2021-07-17 15:20:06,0.0
1,2021-07-17 15:54:06,0.289
1,2021-07-17 16:01:06,0.0
1,2021-07-17 16:09:06,0.294
1,2021-07-17 16:12:06,0.0
1,2021-07-17 16:24:06,0.368
1,2021-07-17 16:29:06,0.0
1,2021-07-17 16:43:06,0.4
1,2021-07-17 16:47:06,0.0
1,2021-07-17 17:08:06,0.2
1,2021-07-17 17:20:06,0.0
1,2021-07-17 17:26:06,0.606
1,2021-07-17 17:55:06,0.0
1,2021-07-17 18:10:06,0.277
1,2021-07-17 18:20:06,0.0
1,2021-07-17 19:13:06,0.262
1,2021-07-17 19:20:06,0.0
1,2021-07-17 19:39:06,0.315
1,2021-07-17 19:49:06,0.0
1,2021-07-17 20:10:06,0.32
1,2021-07-17 20:19:06,0.0
1,2021-07-17 20:24:06,0.336
1,2021-07-17 20:34:06,0.0
1,2021-07-17 21:06:06,0.4
1,2021-07-17 21:10:06,0.0
1,2021-07-17 21:17:06,0.373
1,2021-07-17 21:29:06,0.0
1,2021-07-17 21:39:06,0.234
1,2021-07-17 21:44:06,0.0
1,2021-07-17 22:01:06,0.316
1,2021-07-17 22:10:06,0.0
1,2021-07-17 22:27:06,0.373
1,2021-07-17 22:37:06,0.0
1,2021-07-17 23:33:06,0.218
1,2021-07-17 23:44:06,0.0
1,2021-07-18 00:11:06,0.262
1,2021-07-18 00:21:06,0.0
1,2021-07-18 00:54:06,0.4
1,2021-07-18 00:58:06,0.0
1,2021-07-18 01:04:06,0.348
1,2021-07-18 01:13:06,0.0
1,2021-07-18 02:03:06,0.302
1,2021-07-18 02:12:06,0.0
1,2021-07-18 02:19:06,0.25
1,2021-07-18 02:32:06,0.0
1,2021-07-18 02:59:06,0.385
1,2021-07-18 03:13:06,0.0
1,2021-07-18 04:09:06,0.301
1,2021-07-18 04:19:06,0.0
1,2021-07-18 05:08:06,0.4
1,2021-07-18 05:12:06,0.0
1,2021-07-18 05:15:06,0.287
1,2021-07-18 05:18:06,0.0
1,2021-07-18 05:53:06,0.243
1,2021-07-18 06:07:06,0.0
1,2021-07-18 06:36:06,0.295
1,2021-07-18 06:39:06,0.0
1,2021-07-18 07:05:06,0.265
1,2021-07-18 07:08:06,0.0
1,2021-07-18 07:49:06,0.298
1,2021-07-18 07:58:06,0.0
1,2021-07-18 08:00:06,0.238
1,2021-07-18 08:06:06,0.0
1,2021-07-18 08:38:06,0.226
1,2021-07-18 08:50:06,0.0
1,2021-07-18 09:10:06,0.304
1,2021-07-18 09:23:06,0.0
1,2021-07-18 09:45:06,0.4
1,2021-07-18 09:49:06,0.0
1,2021-07-18 10:15:06,0.274
1,2021-07-18 10:27:06,0.0
1,2021-07-18 11:13:06,0.258
1,2021-07-18 11:27:06,0.0
1,2021-07-18 12:24:06,0.285
1,2021-07-18 12:39:06,0.0
1,2021-07-18 12:46:06,0.7
1,2021-07-18 12:56:06,0.0
1,2021-07-18 12:57:06,0.34
1,2021-07-18 12:58:06,1.0
1,2021-07-18 13:00:06,0.7
1,2021-07-18 13:08:06,0.0
1,2021-07-18 13:10:06,0.7
1,2021-07-18 13:20:06,0.0
1,2021-07-18 13:22:06,0.7
1,2021-07-18 13:24:06,1.0
1,2021-07-18 13:28:06,0.7
1,2021-07-18 13:32:06,0.0
1,2021-07-18 13:34:06,0.361
1,2021-07-18 13:39:06,0.0
1,2021-07-18 14:02:06,0.28
1,2021-07-18 14:13:06,0.0
1,2021-07-18 14:18:06,0.257
1,2021-07-18 14:25:06,0.0
1,2021-07-18 14:48:06,0.358
1,2021-07-18 15:02:06,0.0
1,2021-07-18 15:54:06,0.306
1,2021-07-18 16:02:06,0.0
1,2021-07-18 16:58:06,0.319
1,2021-07-18 17:06:06,0.0
1,2021-07-18 17:14:06,0.4
1,2021-07-18 17:18:06,0.0
1,2021-07-18 17:24:06,0.216
1,2021-07-18 17:34:06,0.0
1,2021-07-18 17:48:06,0.29
1,2021-07-18 17:57:06,0.0
1,2021-07-18 18:04:06,0.231
1,2021-07-18 18:16:06,0.0
1,2021-07-18 18:40:06,0.291
1,2021-07-18 18:43:06,0.0
1,2021-07-18 19:16:06,0.202
1,2021-07-18 19:24:06,0.0
1,2021-07-18 20:02:06,0.796
1,2021-07-18 20:22:06,0.0
1,2021-07-18 20:24:06,0.224
1,2021-07-18 20:34:06,0.0
1,2021-07-18 20:35:06,0.365
1,2021-07-18 20:47:06,0.0
1,2021-07-18 20:49:06,0.278
1,2021-07-18 21:00:06,0.0
1,2021-07-18 21:25:06,0.4
1,2021-07-18 21:29:06,0.0
1,2021-07-18 21:43:06,0.328
1,2021-07-18 21:49:06,0.0
1,2021-07-18 21:59:06,0.226
1,2021-07-18 22:01:06,0.0
1,2021-07-18 22:23:06,0.244
1,2021-07-18 22:25:06,0.0
1,2021-07-18 22:51:06,0.359
1,2021-07-18 22:54:06,0.0
1,2021-07-18 23:08:06,0.273
1,2021-07-18 23:10:06,0.0
1,2021-07-19 00:00:06,0.378
1,2021-07-19 00:13:06,0.0
1,2021-07-19 00:43:06,0.347
1,2021-07-19 00:48:06,0.4
1,2021-07-19 00:52:06,0.0
1,2021-07-19 01:21:06,0.387
1,2021-07-19 01:27:06,0.0
1,2021-07-19 02:03:06,0.374
1,2021-07-19 02:11:06,0.0
1,2021-07-19 02:45:06,0.258
1,2021-07-19 02:56:06,0.0
1,2021-07-19 03:54:06,0.275
1,2021-07-19 04:04:06,0.0
1,2021-07-19 04:25:06,0.397
1,2021-07-19 04:39:06,0.0
1,2021-07-19 04:40:06,0.4
1,2021-07-19 04:44:06,0.0
1,2021-07-19 05:13:06,0.215
1,2021-07-19 05:21:06,0.0
1,2021-07-19 05:28:06,0.354
1,2021-07-19 05:35:06,0.0
1,2021-07-19 06:17:06,0.312
1,2021-07-19 06:21:06,0.0
1,2021-07-19 06:34:06,0.246
1,2021-07-19 06:41:06,0.0
1,2021-07-19 06:44:06,0.214
1,2021-07-19 06:53:06,0.0
1,2021-07-19 07:15:06,0.283
1,2021-07-19 07:27:06,0.0
1,2021-07-19 08:08:06,0.4
1,2021-07-19 08:12:06,0.0
1,2021-07-19 08:25:06,0.368
1,2021-07-19 08:40:06,0.0
1,2021-07-19 09:39:06,0.391
1,2021-07-19 09:48:06,0.0
1,2021-07-19 10:17:06,0.361
1,2021-07-19 10:20:06,0.0
1,2021-07-19 11:01:06,0.271
1,2021-07-19 11:14:06,0.0
1,2021-07-19 11:35:06,0.322
1,2021-07-19 11:48:06,0.0
1,2021-07-19 11:54:06,0.4
1,2021-07-19 11:58:06,0.0
1,2021-07-19 12:04:06,0.371
1,2021-07-19 12:16:06,0.0
1,2021-07-19 12:28:06,0.257
1,2021-07-19 12:30:06,0.0
1,2021-07-19 12:45:06,0.318
1,2021-07-19 12:56:06,0.0
1,2021-07-19 13:42:06,0.263
1,2021-07-19 13:46:06,0.0
1,2021-07-19 14:33:06,0.371
1,2021-07-19 14:45:06,0.0
1,2021-07-19 14:50:06,0.7
1,2021-07-19 14:59:06,1.0
1,2021-07-19 15:00:06,0.368
1,2021-07-19 15:02:06,1.0
1,2021-07-19 15:12:06,0.368
1,2021-07-19 15:14:06,0.7
1,2021-07-19 15:24:06,0.0
1,2021-07-19 15:25:06,0.4
1,2021-07-19 15:26:06,1.0
1,2021-07-19 15:29:06,0.7
1,2021-07-19 15:32:06,1.0
1,2021-07-19 15:36:06,0.302
1,2021-07-19 15:44:06,0.0
1,2021-07-19 16:44:06,0.385
1,2021-07-19 16:55:06,0.0
1,2021-07-19 17:12:06,0.339
1,2021-07-19 17:17:06,0.0
1,2021-07-19 18:13:06,0.328
1,2021-07-19 18:23:06,0.0
1,2021-07-19 18:51:06,0.262
1,2021-07-19 19:01:06,0.0
1,2021-07-19 19:12:06,0.4
1,2021-07-19 19:16:06,0.0
1,2021-07-19 19:25:06,0.383
1,2021-07-19 19:35:06,0.0
1,2021-07-19 19:37:06,0.691
1,2021-07-19 20:03:06,0.0
1,2021-07-19 20:05:06,0.397
1,2021-07-19 20:16:06,0.0
1,2021-07-19 20:56:06,0.363
1,2021-07-19 21:03:06,0.0
1,2021-07-19 21:16:06,0.264
1,2021-07-19 21:19:06,0.0
1,2021-07-19 22:13:06,0.298
1,2021-07-19 22:25:06,0.0
1,2021-07-19 22:43:06,0.327
1,2021-07-19 22:45:06,0.0
1,2021-07-19 22:46:06,0.385
1,2021-07-19 22:58:06,0.0
1,2021-07-19 23:05:06,0.4
1,2021-07-19 23:09:06,0.0
1,2021-07-19 23:58:06,0.341
1,2021-07-20 00:02:06,0.0
1,2021-07-20 00:35:06,0.397
1,2021-07-20 00:42:06,0.0
1,2021-07-20 01:17:06,0.212
1,2021-07-20 01:29:06,0.0
1,2021-07-20 01:30:06,0.259
1,2021-07-20 01:39:06,0.0
1,2021-07-20 02:38:06,0.207
1,2021-07-20 02:49:06,0.0
1,2021-07-20 03:32:06,0.339
1,2021-07-20 03:42:06,0.0
1,2021-07-20 03:50:06,0.324
1,2021-07-20 03:52:06,0.4
1,2021-07-20 03:56:06,0.0
1,2021-07-20 04:32:06,0.245
1,2021-07-20 04:47:06,0.0
1,2021-07-20 05:21:06,0.313
1,2021-07-20 05:33:06,0.0
1,2021-07-20 05:48:06,0.344
1,2021-07-20 05:57:06,0.0
1,2021-07-20 06:00:06,0.6
1,2021-07-20 06:10:06,0.0
1,2021-07-20 06:17:06,0.35
1,2021-07-20 06:25:06,0.95
1,2021-07-20 06:30:06,0.6
1,2021-07-20 06:35:06,0.0
1,2021-07-20 06:50:06,0.6
1,2021-07-20 07:00:06,0.354
1,2021-07-20 07:14:06,0.0
1,2021-07-20 07:27:06,0.4
1,2021-07-20 07:31:06,0.0
1,2021-07-20 08:11:06,0.367
1,2021-07-20 08:19:06,0.0
1,2021-07-20 09:02:06,0.337
1,2021-07-20 09:17:06,0.0
1,2021-07-20 10:17:06,0.333
1,2021-07-20 10:27:06,0.0
1,2021-07-20 10:57:06,0.4
1,2021-07-20 11:00:06,0.626
1,2021-07-20 11:01:06,0.226
1,2021-07-20 11:05:06,0.0
1,2021-07-20 11:57:06,0.395
1,2021-07-20 12:00:06,0.0
1,2021-07-20 12:53:06,0.235
1,2021-07-20 13:03:06,0.0
1,2021-07-20 13:22:06,0.302
1,2021-07-20 13:32:06,0.0
1,2021-07-20 13:45:06,0.284
1,2021-07-20 13:49:06,0.0
1,2021-07-20 13:55:06,0.349
1,2021-07-20 14:08:06,0.0
1,2021-07-20 14:50:06,0.204
1,2021-07-20 14:53:06,0.0
1,2021-07-20 15:05:06,0.345
1,2021-07-20 15:14:06,0.0
1,2021-07-20 15:37:06,0.7
1,2021-07-20 15:47:06,0.0
1,2021-07-20 15:49:06,0.7
1,2021-07-20 15:52:06,1.0
1,2021-07-20 15:56:06,0.7
1,2021-07-20 15:59:06,0.0
1,2021-07-20 16:01:06,0.7
1,2021-07-20 16:05:06,1.0
1,2021-07-20 16:07:06,0.7
1,2021-07-20 16:11:06,0.0
1,2021-07-20 16:13:06,0.7
1,2021-07-20 16:23:06,0.0
1,2021-07-20 16:36:06,0.201
1,2021-07-20 16:51:06,0.0
1,2021-07-20 17:51:06,0.372
1,2021-07-20 17:54:06,0.0
1,2021-07-20 17:59:06,0.263
1,2021-07-20 18:12:06,0.0
1,2021-07-20 18:46:06,0.373
1,2021-07-20 18:54:06,0.0
1,2021-07-20 18:59:06,0.4
1,2021-07-20 19:03:06,0.0
1,2021-07-20 19:05:06,0.347
1,2021-07-20 19:16:06,0.0
1,2021-07-20 20:06:06,0.286
1,2021-07-20 20:21:06,0.0
1,2021-07-20 21:04:06,0.399
1,2021-07-20 21:16:06,0.0
1,2021-07-20 22:16:06,0.213
1,2021-07-20 22:19:06,0.0
1,2021-07-20 22:40:06,0.4
1,2021-07-20 22:44:06,0.0
1,2021-07-20 22:54:06,0.259
1,2021-07-20 23:03:06,0.0
1,2021-07-20 23:23:06,0.374
1,2021-07-20 23:25:06,0.0
1,2021-07-21 00:24:06,0.302
1,2021-07-21 00:32:06,0.0
1,2021-07-21 00:50:06,0.286
1,2021-07-21 01:04:06,0.0
1,2021-07-21 01:25:06,0.243
1,2021-07-21 01:39:06,0.0
1,2021-07-21 01:46:06,0.4
1,2021-07-21 01:50:06,0.0
1,2021-07-21 02:17:06,0.27
1,2021-07-21 02:22:06,0.0
1,2021-07-21 03:02:06,0.318
1,2021-07-21 03:14:06,0.0
1,2021-07-21 03:32:06,0.243
1,2021-07-21 03:42:06,0.0
1,2021-07-21 04:06:06,0.29
1,2021-07-21 04:13:06,0.0
1,2021-07-21 05:05:06,0.394
1,2021-07-21 05:20:06,0.0
1,2021-07-21 05:51:06,0.305
1,2021-07-21 06:00:06,1.0
1,2021-07-21 06:02:06,0.714
1,2021-07-21 06:08:06,0.0
1,2021-07-21 06:27:06,0.4
1,2021-07-21 06:31:06,0.0
1,2021-07-21 06:59:06,0.243
1,2021-07-21 07:13:06,0.0
1,2021-07-21 07:42:06,0.274
1,2021-07-21 07:48:06,0.0
1,2021-07-21 08:11:06,0.344
1,2021-07-21 08:14:06,0.0
1,2021-07-21 08:20:06,0.385
1,2021-07-21 08:34:06,0.0
1,2021-07-21 09:00:06,0.302
1,2021-07-21 09:07:06,0.0
1,2021-07-21 09:52:06,0.311
1,2021-07-21 09:54:06,0.711
1,2021-07-21 09:58:06,0.311
1,2021-07-21 10:03:06,0.0
1,2021-07-21 10:58:06,0.374
1,2021-07-21 11:01:06,0.0
1,2021-07-21 11:17:06,0.35
1,2021-07-21 11:28:06,0.0
1,2021-07-21 11:41:06,0.277
1,2021-07-21 11:56:06,0.0
1,2021-07-21 12:14:06,0.376
1,2021-07-21 12:20:06,0.0
1,2021-07-21 12:36:06,0.24
1,2021-07-21 12:51:06,0.0
1,2021-07-21 13:25:06,0.318
1,2021-07-21 13:27:06,0.0
1,2021-07-21 13:47:06,0.4
1,2021-07-21 13:51:06,0.0
1,2021-07-21 14:17:06,0.264
1,2021-07-21 14:32:06,0.0
1,2021-07-21 15:23:06,0.295
1,2021-07-21 15:33:06,0.0
1,2021-07-21 16:15:06,0.342
1,2021-07-21 16:17:06,0.0
1,2021-07-21 16:33:06,0.312
1,2021-07-21 16:38:06,1.0
1,2021-07-21 16:39:06,0.7
1,2021-07-21 16:43:06,0.911
1,2021-07-21 16:48:06,0.211
1,2021-07-21 16:50:06,0.7
1,2021-07-21 17:00:06,0.0
1,2021-07-21 17:02:06,0.7
1,2021-07-21 17:07:06,0.979
1,2021-07-21 17:10:06,0.7
1,2021-07-21 17:12:06,0.0
1,2021-07-21 17:14:06,0.7
1,2021-07-21 17:24:06,0.0
1,2021-07-21 17:40:06,0.223
1,2021-07-21 17:50:06,0.0
1,2021-07-21 18:27:06,0.4
1,2021-07-21 18:31:06,0.0
1,2021-07-21 18:42:06,0.348
1,2021-07-21 18:52:06,0.0
1,2021-07-21 19:44:06,0.229
1,2021-07-21 19:53:06,0.0
1,2021-07-21 20:25:06,0.366
1,2021-07-21 20:31:06,0.0
1,2021-07-21 21:24:06,0.31
1,2021-07-21 21:35:06,0.0
1,2021-07-21 21:48:06,0.4
1,2021-07-21 21:52:06,0.0
1,2021-07-21 22:32:06,0.203
1,2021-07-21 22:47:06,0.0
1,2021-07-21 23:07:06,0.4
1,2021-07-21 23:12:06,0.0
1,2021-07-21 23:40:06,0.383
1,2021-07-21 23:54:06,0.0
1,2021-07-22 00:31:06,0.298
1,2021-07-22 00:46:06,0.0
1,2021-07-22 01:10:06,0.228
1,2021-07-22 01:23:06,0.0
1,2021-07-22 02:05:06,0.377
1,2021-07-22 02:07:06,0.0
1,2021-07-22 02:13:06,0.4
1,2021-07-22 02:17:06,0.0
1,2021-07-22 02:53:06,0.39
1,2021-07-22 03:07:06,0.0
1,2021-07-22 03:47:06,0.212
1,2021-07-22 03:59:06,0.0
1,2021-07-22 04:52:06,0.269
1,2021-07-22 04:57:06,0.0
1,2021-07-22 05:47:06,0.389
1,2021-07-22 05:53:06,0.0
1,2021-07-22 05:56:06,0.395
1,2021-07-22 06:02:06,0.0
1,2021-07-22 06:21:06,0.228
1,2021-07-22 06:32:06,0.0
1,2021-07-22 06:49:06,0.4
1,2021-07-22 06:53:06,0.0
1,2021-07-22 07:13:06,0.223
1,2021-07-22 07:26:06,0.0
1,2021-07-22 08:26:06,0.341
1,2021-07-22 08:29:06,0.0
1,2021-07-22 08:32:06,0.354
1,2021-07-22 08:36:06,0.0
1,2021-07-22 09:00:06,0.255
1,2021-07-22 09:07:06,0.0
1,2021-07-22 09:23:06,0.206
1,2021-07-22 09:37:06,0.0
1,2021-07-22 09:53:06,0.236
1,2021-07-22 09:58:06,0.0
1,2021-07-22 10:02:06,0.648
1,2021-07-22 10:03:06,0.863
1,2021-07-22 10:12:06,0.648
1,2021-07-22 10:24:06,0.0
1,2021-07-22 11:08:06,0.4
1,2021-07-22 11:09:06,0.695
1,2021-07-22 11:12:06,0.295
1,2021-07-22 11:16:06,0.0
1,2021-07-22 11:26:06,0.398
1,2021-07-22 11:40:06,0.0
1,2021-07-22 12:13:06,0.303
1,2021-07-22 12:28:06,0.0
1,2021-07-22 13:25:06,0.205
1,2021-07-22 13:40:06,0.0
1,2021-07-22 13:54:06,0.283
1,2021-07-22 14:01:06,0.0
1,2021-07-22 14:43:06,0.301
1,2021-07-22 14:46:06,0.0
1,2021-07-22 14:58:06,0.37
1,2021-07-22 15:12:06,0.0
1,2021-07-22 15:31:06,0.7
1,2021-07-22 15:39:06,0.916
1,2021-07-22 15:41:06,0.216
1,2021-07-22 15:42:06,0.616
1,2021-07-22 15:43:06,1.0
1,2021-07-22 15:46:06,0.916
1,2021-07-22 15:48:06,0.7
1,2021-07-22 15:53:06,0.0
1,2021-07-22 15:55:06,0.7
1,2021-07-22 16:05:06,0.0
1,2021-07-22 16:07:06,0.7
1,2021-07-22 16:17:06,0.341
1,2021-07-22 16:26:06,0.0
1,2021-07-22 16:34:06,0.382
1,2021-07-22 16:36:06,0.0
1,2021-07-22 17:03:06,0.333
1,2021-07-22 17:10:06,0.0
1,2021-07-22 17:15:06,0.386
1,2021-07-22 17:18:06,0.0
1,2021-07-22 18:15:06,0.3
1,2021-07-22 18:22:06,0.0
1,2021-07-22 19:01:06,0.397
1,2021-07-22 19:10:06,0.0
1,2021-07-22 19:44:06,0.364
1,2021-07-22 19:56:06,0.0
1,2021-07-22 20:19:06,0.4
1,2021-07-22 20:23:06,0.0
1,2021-07-22 20:38:06,0.267
1,2021-07-22 20:49:06,0.0
1,2021-07-22 20:56:06,0.239
1,2021-07-22 21:10:06,0.0
1,2021-07-22 21:44:06,0.284
1,2021-07-22 21:54:06,0.0
1,2021-07-22 22:37:06,0.341
1,2021-07-22 22:43:06,0.0
1,2021-07-22 22:54:06,0.314
1,2021-07-22 23:03:06,0.0
1,2021-07-22 23:23:06,0.258
1,2021-07-22 23:33:06,0.0
1,2021-07-22 23:59:06,0.4
1,2021-07-23 00:03:06,0.0
1,2021-07-23 00:30:06,0.368
1,2021-07-23 00:32:06,0.0
1,2021-07-23 01:16:06,0.259
1,2021-07-23 01:18:06,0.0
1,2021-07-23 01:51:06,0.228
1,2021-07-23 01:57:06,0.0
1,2021-07-23 02:19:06,0.231
1,2021-07-23 02:21:06,0.0
1,2021-07-23 03:01:06,0.206
1,2021-07-23 03:03:06,0.0
1,2021-07-23 03:08:06,0.4
1,2021-07-23 03:12:06,0.0
1,2021-07-23 03:25:06,0.322
1,2021-07-23 03:37:06,0.0
1,2021-07-23 04:27:06,0.269
1,2021-07-23 04:41:06,0.0
1,2021-07-23 04:42:06,0.228
1,2021-07-23 04:46:06,0.0
1,2021-07-23 05:33:06,0.35
1,2021-07-23 05:37:06,0.0
1,2021-07-23 05:41:06,0.354
1,2021-07-23 05:47:06,0.0
1,2021-07-23 06:20:06,0.249
1,2021-07-23 06:33:06,0.0
1,2021-07-23 07:02:06,0.363
1,2021-07-23 07:14:06,0.0
1,2021-07-23 07:16:06,0.4
1,2021-07-23 07:20:06,0.0
1,2021-07-23 07:50:06,0.292
1,2021-07-23 08:00:06,0.0
1,2021-07-23 08:45:06,0.326
1,2021-07-23 08:55:06,0.0
1,2021-07-23 09:54:06,0.299
1,2021-07-23 10:02:06,0.0
1,2021-07-23 10:57:06,0.343
1,2021-07-23 11:02:06,0.0
1,2021-07-23 11:20:06,0.24
1,2021-07-23 11:27:06,0.0
1,2021-07-23 12:01:06,0.4
1,2021-07-23 12:05:06,0.0
1,2021-07-23 12:07:06,0.251
1,2021-07-23 12:13:06,0.0
1,2021-07-23 12:37:06,0.211
1,2021-07-23 12:48:06,0.0
1,2021-07-23 13:32:06,0.321
1,2021-07-23 13:47:06,0.0
1,2021-07-23 14:11:06,0.324
1,2021-07-23 14:15:06,0.968
1,2021-07-23 14:24:06,0.324
1,2021-07-23 14:26:06,0.0
1,2021-07-23 14:34:06,0.7
1,2021-07-23 14:44:06,0.0
1,2021-07-23 14:46:06,0.7
1,2021-07-23 14:56:06,0.0
1,2021-07-23 14:58:06,0.7
1,2021-07-23 15:08:06,0.0
1,2021-07-23 15:09:06,0.265
1,2021-07-23 15:10:06,0.965
1,2021-07-23 15:11:06,0.7
1,2021-07-23 15:13:06,1.0
1,2021-07-23 15:15:06,0.7
1,2021-07-23 15:20:06,0.0
1,2021-07-23 16:03:06,0.203
1,2021-07-23 16:13:06,0.603
1,2021-07-23 16:14:06,0.4
1,2021-07-23 16:17:06,0.0
1,2021-07-23 17:13:06,0.352
1,2021-07-23 17:22:06,0.0
1,2021-07-23 17:34:06,0.259
1,2021-07-23 17:38:06,0.0
1,2021-07-23 18:12:06,0.379
1,2021-07-23 18:18:06,0.0
1,2021-07-23 19:14:06,0.218
1,2021-07-23 19:20:06,0.618
1,2021-07-23 19:24:06,0.218
1,2021-07-23 19:29:06,0.0
1,2021-07-23 19:58:06,0.283
1,2021-07-23 20:02:06,0.0
1,2021-07-23 20:05:06,0.4
1,2021-07-23 20:11:06,0.0
1,2021-07-23 21:01:06,0.357
1,2021-07-23 21:08:06,0.0
1,2021-07-23 21:31:06,0.204
1,2021-07-23 21:40:06,0.0
1,2021-07-23 22:40:06,0.347
1,2021-07-23 22:47:06,0.0
1,2021-07-23 23:00:06,0.4
1,2021-07-23 23:04:06,0.0
1,2021-07-23 23:31:06,0.376
1,2021-07-23 23:33:06,0.0
1,2021-07-24 00:11:06,0.231
1,2021-07-24 00:16:06,0.0
1,2021-07-24 01:15:06,0.394
1,2021-07-24 01:18:06,0.0
1,2021-07-24 01:57:06,0.338
1,2021-07-24 02:07:06,0.0
1,2021-07-24 02:58:06,0.364
1,2021-07-24 03:02:06,0.0
1,2021-07-24 03:16:06,0.313
1,2021-07-24 03:25:06,0.0
1,2021-07-24 03:33:06,0.277
1,2021-07-24 03:39:06,0.0
1,2021-07-24 03:57:06,0.4
1,2021-07-24 04:01:06,0.0
1,2021-07-24 04:21:06,0.226
1,2021-07-24 04:28:06,0.0
1,2021-07-24 04:52:06,0.224
1,2021-07-24 04:58:06,0.0
1,2021-07-24 05:09:06,0.296
1,2021-07-24 05:19:06,0.0
1,2021-07-24 05:41:06,0.214
1,2021-07-24 05:49:06,0.0
1,2021-07-24 06:25:06,0.316
1,2021-07-24 06:40:06,0.0
1,2021-07-24 06:45:06,0.2
1,2021-07-24 06:53:06,0.0
1,2021-07-24 07:44:06,0.261
1,2021-07-24 07:51:06,0.0
1,2021-07-24 08:11:06,0.315
1,2021-07-24 08:14:06,0.0
1,2021-07-24 08:32:06,0.382
1,2021-07-24 08:36:06,0.0
1,2021-07-24 08:50:06,0.4
1,2021-07-24 08:54:06,0.0
1,2021-07-24 09:01:06,0.381
1,2021-07-24 09:14:06,0.0
1,2021-07-24 09:16:06,0.242
1,2021-07-24 09:31:06,0.0
1,2021-07-24 09:39:06,0.372
1,2021-07-24 09:44:06,0.0
1,2021-07-24 10:12:06,0.378
1,2021-07-24 10:26:06,0.0
1,2021-07-24 10:34:06,0.239
1,2021-07-24 10:43:06,0.0
1,2021-07-24 10:47:06,0.324
1,2021-07-24 10:54:06,0.0
1,2021-07-24 11:05:06,0.21
1,2021-07-24 11:17:06,0.0
1,2021-07-24 11:28:06,0.232
1,2021-07-24 11:40:06,0.0
1,2021-07-24 12:12:06,0.674
1,2021-07-24 12:30:06,0.0
1,2021-07-24 12:34:06,0.284
1,2021-07-24 12:44:06,0.0
1,2021-07-24 13:15:06,0.325
1,2021-07-24 13:22:06,0.0
1,2021-07-24 13:39:06,0.4
1,2021-07-24 13:42:06,0.778
1,2021-07-24 13:43:06,0.378
1,2021-07-24 13:45:06,0.0
1,2021-07-24 14:13:06,0.223
1,2021-07-24 14:21:06,0.0
1,2021-07-24 15:08:06,0.213
1,2021-07-24 15:14:06,0.0
1,2021-07-24 15:42:06,0.278
1,2021-07-24 15:52:06,0.0
1,2021-07-24 16:01:06,0.356
1,2021-07-24 16:07:06,1.0
1,2021-07-24 16:10:06,0.7
1,2021-07-24 16:13:06,0.906
1,2021-07-24 16:17:06,0.206
1,2021-07-24 16:18:06,0.0
1,2021-07-24 16:19:06,0.7
1,2021-07-24 16:29:06,0.0
1,2021-07-24 16:31:06,0.7
1,2021-07-24 16:41:06,0.0
1,2021-07-24 16:43:06,0.7
1,2021-07-24 16:45:06,0.948
1,2021-07-24 16:49:06,0.7
1,2021-07-24 16:53:06,0.0
1,2021-07-24 17:01:06,0.326
1,2021-07-24 17:16:06,0.0
1,2021-07-24 17:55:06,0.346
1,2021-07-24 18:08:06,0.0
1,2021-07-24 18:12:06,0.622
1,2021-07-24 18:16:06,0.222
1,2021-07-24 18:25:06,0.0
1,2021-07-24 18:55:06,0.245
1,2021-07-24 19:06:06,0.0
1,2021-07-24 20:03:06,0.252
1,2021-07-24 20:06:06,0.0
1,2021-07-24 21:06:06,0.258
1,2021-07-24 21:13:06,0.0
1,2021-07-24 21:26:06,0.644
1,2021-07-24 21:30:06,0.244
1,2021-07-24 21:39:06,0.0
1,2021-07-24 21:58:06,0.395
1,2021-07-24 22:09:06,0.0
1,2021-07-24 22:40:06,0.332
1,2021-07-24 22:52:06,0.0
1,2021-07-24 23:03:06,0.38
1,2021-07-24 23:13:06,0.0
1,2021-07-24 23:46:06,0.215
1,2021-07-25 00:00:06,0.0
1,2021-07-25 00:31:06,0.379
1,2021-07-25 00:34:06,0.0
1,2021-07-25 00:43:06,0.343
1,2021-07-25 00:51:06,0.0
1,2021-07-25 01:28:06,0.267
1,2021-07-25 01:33:06,0.0
1,2021-07-25 02:09:06,0.4
1,2021-07-25 02:13:06,0.0
1,2021-07-25 02:24:06,0.381
1,2021-07-25 02:30:06,0.0
1,2021-07-25 03:29:06,0.292
1,2021-07-25 03:44:06,0.0
1,2021-07-25 03:59:06,0.241
1,2021-07-25 04:08:06,0.0
1,2021-07-25 04:33:06,0.238
1,2021-07-25 04:39:06,0.0
1,2021-07-25 05:26:06,0.347
1,2021-07-25 05:39:06,0.0
1,2021-07-25 05:55:06,0.4
1,2021-07-25 05:59:06,0.0
1,2021-07-25 06:26:06,0.337
1,2021-07-25 06:35:06,0.0
1,2021-07-25 06:42:06,0.308
1,2021-07-25 06:49:06,0.0
1,2021-07-25 07:22:06,0.311
1,2021-07-25 07:34:06,0.0
1,2021-07-25 08:17:06,0.356
1,2021-07-25 08:23:06,0.0
1,2021-07-25 08:50:06,0.295
1,2021-07-25 08:52:06,0.0
1,2021-07-25 09:29:06,0.241
1,2021-07-25 09:36:06,0.641
1,2021-07-25 09:40:06,0.241
1,2021-07-25 09:42:06,0.0
1,2021-07-25 10:09:06,0.308
1,2021-07-25 10:13:06,0.0
1,2021-07-25 11:01:06,0.304
1,2021-07-25 11:11:06,0.0
1,2021-07-25 11:46:06,0.297
1,2021-07-25 11:52:06,0.0
1,2021-07-25 12:31:06,0.358
1,2021-07-25 12:42:06,0.0
1,2021-07-25 12:46:06,0.605
1,2021-07-25 12:58:06,0.0
1,2021-07-25 13:12:06,0.348
1,2021-07-25 13:26:06,0.0
1,2021-07-25 14:09:06,0.4
1,2021-07-25 14:13:06,0.0
1,2021-07-25 14:16:06,0.244
1,2021-07-25 14:20:06,0.0
1,2021-07-25 15:15:06,0.255
1,2021-07-25 15:23:06,0.0
1,2021-07-25 15:53:06,0.351
1,2021-07-25 15:56:06,0.0
1,2021-07-25 16:31:06,0.376
1,2021-07-25 16:46:06,0.0
1,2021-07-25 17:26:06,0.362
1,2021-07-25 17:33:06,0.0
1,2021-07-25 17:43:06,0.339
1,2021-07-25 17:56:06,0.0
1,2021-07-25 18:06:06,0.371
1,2021-07-25 18:17:06,0.7
1,2021-07-25 18:27:06,0.0
1,2021-07-25 18:29:06,0.7
1,2021-07-25 18:39:06,0.0
1,2021-07-25 18:41:06,0.7
1,2021-07-25 18:51:06,0.0
1,2021-07-25 18:53:06,0.7
1,2021-07-25 19:02:06,1.0
1,2021-07-25 19:03:06,0.4
1,2021-07-25 19:05:06,0.78
1,2021-07-25 19:06:06,0.38
1,2021-07-25 19:07:06,0.0
1,2021-07-25 19:13:06,0.328
1,2021-07-25 19:23:06,0.0
1,2021-07-25 19:50:06,0.241
1,2021-07-25 20:04:06,0.0
1,2021-07-25 20:55:06,0.384
1,2021-07-25 20:57:06,0.0
1,2021-07-25 20:59:06,0.252
1,2021-07-25 21:04:06,0.0
1,2021-07-25 21:53:06,0.288
1,2021-07-25 22:00:06,0.0
1,2021-07-25 22:10:06,0.38
1,2021-07-25 22:22:06,0.0
1,2021-07-25 23:20:06,0.682
1,2021-07-25 23:24:06,0.282
1,2021-07-25 23:27:06,0.0
1,2021-07-25 23:58:06,0.314
1,2021-07-26 00:13:06,0.0
1,2021-07-26 00:24:06,0.244
1,2021-07-26 00:26:06,0.0
1,2021-07-26 01:18:06,0.239
1,2021-07-26 01:29:06,0.0
1,2021-07-26 02:27:06,0.262
1,2021-07-26 02:41:06,0.0
1,2021-07-26 03:05:06,0.4
1,2021-07-26 03:09:06,0.0
1,2021-07-26 03:20:06,0.219
1,2021-07-26 03:32:06,0.0
1,2021-07-26 04:19:06,0.304
1,2021-07-26 04:29:06,0.0
1,2021-07-26 04:56:06,0.384
1,2021-07-26 05:05:06,0.0
1,2021-07-26 05:51:06,0.318
1,2021-07-26 06:01:06,0.0
1,2021-07-26 06:39:06,0.253
1,2021-07-26 06:49:06,0.0
1,2021-07-26 07:43:06,0.215
1,2021-07-26 07:48:06,0.0
1,2021-07-26 08:06:06,0.4
1,2021-07-26 08:07:06,0.671
1,2021-07-26 08:10:06,0.271
1,2021-07-26 08:12:06,0.0
1,2021-07-26 08:38:06,0.336
1,2021-07-26 08:40:06,0.0
1,2021-07-26 09:37:06,0.269
1,2021-07-26 09:50:06,0.0
1,2021-07-26 09:51:06,0.316
1,2021-07-26 09:53:06,0.0
1,2021-07-26 10:12:06,0.722
1,2021-07-26 10:13:06,0.984
1,2021-07-26 10:19:06,0.262
1,2021-07-26 10:24:06,0.0
1,2021-07-26 10:57:06,0.212
1,2021-07-26 11:04:06,0.0
1,2021-07-26 11:14:06,0.333
1,2021-07-26 11:20:06,0.733
1,2021-07-26 11:23:06,0.4
1,2021-07-26 11:24:06,0.0
1,2021-07-26 11:53:06,0.336
1,2021-07-26 11:56:06,0.0
1,2021-07-26 11:58:06,0.206
1,2021-07-26 12:00:06,0.0
1,2021-07-26 12:20:06,0.203
1,2021-07-26 12:24:06,0.0
1,2021-07-26 13:23:06,0.269
1,2021-07-26 13:35:06,0.0
1,2021-07-26 14:11:06,0.286
1,2021-07-26 14:19:06,0.0
1,2021-07-26 14:45:06,0.256
1,2021-07-26 15:00:06,0.0
1,2021-07-26 15:04:06,0.319
1,2021-07-26 15:11:06,0.0
1,2021-07-26 15:37:06,0.4
1,2021-07-26 15:41:06,0.0
1,2021-07-26 15:52:06,0.339
1,2021-07-26 15:54:06,0.0
1,2021-07-26 16:54:06,0.388
1,2021-07-26 17:01:06,0.0
1,2021-07-26 17:16:06,0.313
1,2021-07-26 17:23:06,0.0
1,2021-07-26 18:17:06,0.207
1,2021-07-26 18:32:06,0.0
1,2021-07-26 18:50:06,0.7
1,2021-07-26 19:00:06,0.0
1,2021-07-26 19:02:06,0.7
1,2021-07-26 19:08:06,0.974
1,2021-07-26 19:12:06,0.274
1,2021-07-26 19:14:06,0.974
1,2021-07-26 19:19:06,0.7
1,2021-07-26 19:22:06,1.0
1,2021-07-26 19:24:06,0.325
1,2021-07-26 19:26:06,1.0
1,2021-07-26 19:34:06,0.7
1,2021-07-26 19:36:06,0.0
1,2021-07-26 19:47:06,0.4
1,2021-07-26 19:51:06,0.0
1,2021-07-26 19:57:06,0.357
1,2021-07-26 20:08:06,0.0
1,2021-07-26 20:41:06,0.229
1,2021-07-26 20:44:06,0.0
1,2021-07-26 21:09:06,0.386
1,2021-07-26 21:22:06,0.0
1,2021-07-26 22:20:06,0.374
1,2021-07-26 22:30:06,0.0
1,2021-07-26 23:18:06,0.397
1,2021-07-26 23:20:06,0.0
1,2021-07-26 23:25:06,0.391
1,2021-07-26 23:34:06,0.0
1,2021-07-27 00:21:06,0.324
1,2021-07-27 00:30:06,0.0
1,2021-07-27 00:48:06,0.4
1,2021-07-27 00:52:06,0.0
1,2021-07-27 01:23:06,0.271
1,2021-07-27 01:30:06,0.0
1,2021-07-27 02:07:06,0.332
1,2021-07-27 02:22:06,0.0
1,2021-07-27 02:27:06,0.256
1,2021-07-27 02:31:06,0.0
1,2021-07-27 03:20:06,0.328
1,2021-07-27 03:32:06,0.0
1,2021-07-27 03:50:06,0.31
1,2021-07-27 04:03:06,0.0
1,2021-07-27 04:31:06,0.237
1,2021-07-27 04:40:06,0.0
1,2021-07-27 04:58:06,0.367
1,2021-07-27 05:03:06,0.0
1,2021-07-27 05:14:06,0.4
1,2021-07-27 05:18:06,0.0
1,2021-07-27 05:59:06,0.31
1,2021-07-27 06:06:06,0.0
1,2021-07-27 06:54:06,0.38
1,2021-07-27 06:57:06,0.0
1,2021-07-27 07:47:06,0.214
1,2021-07-27 07:54:06,0.0
1,2021-07-27 07:55:06,0.6
1,2021-07-27 08:05:06,0.0
1,2021-07-27 08:20:06,0.6
1,2021-07-27 08:30:06,0.0
1,2021-07-27 08:36:06,0.398
1,2021-07-27 08:43:06,0.0
1,2021-07-27 08:45:06,0.6
1,2021-07-27 08:55:06,0.0
1,2021-07-27 09:04:06,0.385
1,2021-07-27 09:12:06,0.0
1,2021-07-27 09:18:06,0.372
1,2021-07-27 09:20:06,0.0
1,2021-07-27 09:29:06,0.338
1,2021-07-27 09:44:06,0.0
1,2021-07-27 09:49:06,0.39
1,2021-07-27 09:51:06,0.79
1,2021-07-27 09:55:06,0.39
1,2021-07-27 09:57:06,0.0
1,2021-07-27 10:54:06,0.228
1,2021-07-27 11:09:06,0.0
1,2021-07-27 11:55:06,0.243
1,2021-07-27 12:01:06,0.0
1,2021-07-27 12:02:06,0.515
1,2021-07-27 12:14:06,0.88
1,2021-07-27 12:22:06,0.365
1,2021-07-27 12:25:06,0.0
1,2021-07-27 12:28:06,0.346
1,2021-07-27 12:32:06,0.0
1,2021-07-27 13:08:06,0.4
1,2021-07-27 13:12:06,0.0
1,2021-07-27 13:13:06,0.264
1,2021-07-27 13:17:06,0.0
1,2021-07-27 13:34:06,0.266
1,2021-07-27 13:43:06,0.0
1,2021-07-27 14:21:06,0.368
1,2021-07-27 14:35:06,0.0
1,2021-07-27 15:07:06,0.348
1,2021-07-27 15:18:06,0.0
1,2021-07-27 15:55:06,0.232
1,2021-07-27 16:03:06,0.0
1,2021-07-27 16:20:06,0.225
1,2021-07-27 16:30:06,0.0
1,2021-07-27 17:16:06,0.4
1,2021-07-27 17:18:06,0.695
1,2021-07-27 17:20:06,0.295
1,2021-07-27 17:28:06,0.0
1,2021-07-27 18:06:06,0.245
1,2021-07-27 18:17:06,0.0
1,2021-07-27 19:14:06,0.21
1,2021-07-27 19:29:06,0.0
1,2021-07-27 19:44:06,0.296
1,2021-07-27 19:56:06,0.0
1,2021-07-27 20:28:06,0.7
1,2021-07-27 20:38:06,0.0
1,2021-07-27 20:40:06,0.7
1,2021-07-27 20:45:06,1.0
1,2021-07-27 20:50:06,0.302
1,2021-07-27 20:52:06,1.0
1,2021-07-27 20:59:06,0.7
1,2021-07-27 21:02:06,0.0
1,2021-07-27 21:04:06,0.7
1,2021-07-27 21:11:06,1.0
1,2021-07-27 21:14:06,0.4
1,2021-07-27 21:15:06,0.0
1,2021-07-27 21:31:06,0.321
1,2021-07-27 21:42:06,0.0
1,2021-07-27 22:10:06,0.215
1,2021-07-27 22:12:06,0.0
1,2021-07-27 22:48:06,0.374
1,2021-07-27 23:02:06,0.0
1,2021-07-27 23:03:06,0.221
1,2021-07-27 23:05:06,0.0
1,2021-07-27 23:40:06,0.392
1,2021-07-27 23:55:06,0.0
1,2021-07-28 00:51:06,0.207
1,2021-07-28 01:05:06,0.0
1,2021-07-28 01:17:06,0.206
1,2021-07-28 01:21:06,0.606
1,2021-07-28 01:23:06,0.4
1,2021-07-28 01:25:06,0.0
1,2021-07-28 01:27:06,0.221
1,2021-07-28 01:31:06,0.0
1,2021-07-28 01:41:06,0.314
1,2021-07-28 01:46:06,0.0
1,2021-07-28 01:51:06,0.3
1,2021-07-28 02:04:06,0.0
1,2021-07-28 02:25:06,0.306
1,2021-07-28 02:33:06,0.0
1,2021-07-28 03:19:06,0.253
1,2021-07-28 03:23:06,0.0
1,2021-07-28 04:03:06,0.235
1,2021-07-28 04:11:06,0.0
1,2021-07-28 04:23:06,0.272
1,2021-07-28 04:28:06,0.0
1,2021-07-28 05:17:06,0.227
1,2021-07-28 05:29:06,0.0
1,2021-07-28 05:49:06,0.316
1,2021-07-28 05:58:06,0.0
1,2021-07-28 06:16:06,0.4
1,2021-07-28 06:19:06,0.716
1,2021-07-28 06:20:06,0.316
1,2021-07-28 06:29:06,0.0
1,2021-07-28 06:37:06,0.366
1,2021-07-28 06:49:06,0.0
1,2021-07-28 07:36:06,0.244
1,2021-07-28 07:44:06,0.0
1,2021-07-28 08:09:06,0.223
1,2021-07-28 08:21:06,0.0
1,2021-07-28 09:06:06,0.262
1,2021-07-28 09:15:06,0.0
1,2021-07-28 09:37:06,0.205
1,2021-07-28 09:42:06,0.0
1,2021-07-28 10:28:06,0.215
1,2021-07-28 10:29:06,0.615
1,2021-07-28 10:33:06,0.215
1,2021-07-28 10:41:06,0.0
1,2021-07-28 11:04:06,0.234
1,2021-07-28 11:09:06,0.0
1,2021-07-28 11:36:06,0.392
1,2021-07-28 11:44:06,0.0
1,2021-07-28 12:33:06,0.257
1,2021-07-28 12:35:06,0.0
1,2021-07-28 13:04:06,0.714
1,2021-07-28 13:09:06,1.0
1,2021-07-28 13:22:06,0.714
1,2021-07-28 13:32:06,0.0
1,2021-07-28 13:39:06,0.231
1,2021-07-28 13:51:06,0.0
1,2021-07-28 14:43:06,0.317
1,2021-07-28 14:47:06,0.0
1,2021-07-28 14:54:06,0.252
1,2021-07-28 15:06:06,0.0
1,2021-07-28 15:21:06,0.4
1,2021-07-28 15:25:06,0.0
